customer_id,age_group,gender,city_tier,account_age_days,lifetime_order_count,total_order_value,avg_order_value,avg_cart_value,loyalty_tier,preferred_device,payment_method_saved,last_purchase_date,credit_balance,raw_age,monthly_shopping_frequency
25c436df-c263-41ac-90cd-c3cd1a13e777,25-34,M,Tier-1,46,4,13722.53,3430.63,2296.98,Bronze,Mobile,False,2025-11-21,9016.51,25,2
d478dab5-7fe0-44ae-beb5-367d3084ba54,25-34,M,Tier-1,369,5,7795.81,1559.16,1945.12,Silver,Desktop,True,2025-12-20,1123.48,27,5
8d663fe6-1e10-4f55-aa1e-8ecb7a2cc598,18-24,M,Tier-1,34,4,7308.39,1827.1,1482.9,Bronze,Desktop,False,2026-01-01,1825.56,21,1
1b21191f-e43d-4930-8d72-5fc2375c1cf7,35-44,M,Tier-1,280,6,10297.96,1716.33,1125.3,Silver,Mobile,True,2025-05-06,13564.0,39,4
6f2d475c-5a85-4a0f-b61c-c1bad1310821,25-34,M,Tier-1,1200,9,18618.38,2068.71,2402.72,Gold,Desktop,True,2023-09-04,13987.41,26,10
e72d5416-e52c-4b9b-a802-fe1e873fb33a,18-24,M,Tier-1,109,4,5588.57,1397.14,1697.04,Gold,Desktop,True,2025-09-18,2062.82,24,6
98eafcb7-02e1-48f3-9aba-79828c2830ab,18-24,M,Tier-1,486,4,5919.8,1479.95,1935.4,Silver,Desktop,True,2025-01-15,13214.19,19,5
d741ac6b-576a-4022-b1ee-378c51fe1b08,25-34,M,Tier-1,36,9,21131.74,2347.97,1668.62,Silver,Desktop,True,2025-12-03,10376.8,25,6
7585712b-ce54-4acd-a30e-9ca8929f6f25,18-24,M,Tier-1,167,2,4138.57,2069.28,2157.39,Silver,Desktop,True,2025-08-16,18906.19,23,5
9119fc4f-1725-413d-bb4a-89689074f175,25-34,M,Tier-1,140,1,2660.7,2660.7,3460.73,Bronze,Desktop,False,2025-09-28,6004.39,33,1
0176b86c-ee3d-4211-99c6-d7c409aff184,18-24,M,Tier-1,796,11,18988.58,1726.23,2352.51,Silver,Desktop,True,2025-07-02,18526.25,18,3
1a08978d-8ce8-454b-99d3-e065dd35db40,18-24,F,Tier-1,357,11,12477.86,1134.35,1539.95,Gold,Desktop,True,2025-02-13,2627.42,21,6
96e9ad8c-28e0-4e26-8521-00805338981a,25-34,M,Tier-1,1783,21,54487.9,2594.66,3558.55,Gold,Desktop,True,2025-02-12,18649.36,28,3
4f51f32d-677c-480f-9567-b226180f57f1,45+,M,Tier-1,282,5,7103.25,1420.65,1521.01,Silver,Desktop,True,2025-03-28,5372.18,52,6
a65cbec4-4ffe-42eb-87b8-c3affe830b77,25-34,M,Tier-1,229,13,21673.16,1667.17,1286.04,Gold,Desktop,True,2025-10-11,3513.93,34,4
36bb1c0b-d91e-4434-8996-fa5bf897a41b,25-34,M,Tier-1,4,2,4254.04,2127.02,2516.82,Bronze,Desktop,False,2025-12-28,13793.93,26,3
6eba5141-2e4e-4a12-a0f6-6d21a314ba03,18-24,M,Tier-1,117,3,5878.7,1959.57,1567.35,Bronze,Desktop,False,2025-12-18,18542.05,21,3
7bd7a559-352f-4d2a-9ebb-96be62079562,25-34,M,Tier-3,539,16,68630.77,4289.42,3144.35,Gold,Mobile,True,2025-08-25,10227.18,28,6
5f95e20a-4bfd-4557-b0d6-42c71839cc07,18-24,M,Tier-1,214,13,24017.32,1847.49,2188.18,Gold,Mobile,True,2025-12-01,15883.87,23,3
41cbf456-897b-45d0-b569-a45556aa7b35,18-24,M,Tier-1,32,3,4437.01,1479.0,1451.54,Silver,Desktop,True,2025-12-10,18468.36,22,5
db34606e-0d19-40e2-9727-ac66b593db57,25-34,M,Tier-1,137,5,12308.12,2461.62,2598.83,Bronze,Mobile,False,2025-09-06,11999.46,25,3
9cc286ee-a937-478b-ac8e-0628797450da,25-34,M,Tier-1,222,5,7493.04,1498.61,1704.45,Bronze,Desktop,False,2025-12-02,6699.94,30,2
992cd704-8fd7-4e37-97d6-cd6e63ae2833,18-24,M,Tier-1,103,5,10316.1,2063.22,1814.0,Bronze,Desktop,False,2025-11-06,2307.03,19,6
c88fd380-b4a1-48c4-8b64-454dcb222a33,25-34,M,Tier-1,1333,14,37239.68,2659.98,2776.17,Platinum,Mobile,True,2023-02-08,18703.36,26,11
3ffe9fcf-bdad-494d-a80b-2df30913e268,25-34,M,Tier-1,363,15,30592.59,2039.51,2615.33,Silver,Desktop,True,2025-01-29,10602.77,29,2
114eb966-1f25-4942-8292-b974a8da537a,25-34,M,Tier-1,391,10,17963.36,1796.34,1870.61,Gold,Desktop,True,2025-02-01,9126.05,25,1
bd1f29ba-26ed-45d8-8d03-b52a27a00bbd,25-34,F,Tier-1,864,10,10840.61,1084.06,917.77,Gold,Desktop,True,2024-08-21,18080.65,25,5
f1144df6-73bb-42ac-a12f-71ee869ef12b,18-24,M,Tier-1,378,12,28813.62,2401.13,3226.89,Gold,Desktop,True,2025-03-19,17427.51,24,7
2825f900-404d-4776-9738-62008ca5ddda,18-24,M,Tier-1,12,14,56113.88,4008.13,3260.39,Gold,Mobile,True,2025-12-26,15960.12,18,5
9facbc70-b7bc-4dde-8433-f7c5b1a0d316,25-34,M,Tier-1,98,8,23844.93,2980.62,1844.8,Silver,Desktop,True,2025-10-30,4669.47,30,1
a4998314-a327-4641-843e-b7427d97b46b,45+,M,Tier-1,12,8,23663.35,2957.92,2047.69,Silver,Mobile,True,2025-12-29,19437.61,50,3
56cc8c12-0c98-4196-b8b7-70b8c7565991,18-24,M,Tier-1,294,6,16514.32,2752.39,2499.6,Silver,Desktop,True,2025-04-04,11955.17,20,8
381bdb00-c261-4d8d-9001-f6433a9242b2,18-24,F,Tier-1,974,4,11144.04,2786.01,1827.56,Silver,Mobile,True,2025-01-30,13620.52,20,2
20b3a2a7-2a5b-446f-b9fe-d447b11e807e,25-34,M,Tier-1,115,6,11502.23,1917.04,1345.44,Silver,Desktop,True,2025-12-03,8988.48,31,8
dae66057-4099-43fa-b268-74a4b63800a1,18-24,M,Tier-1,232,15,24613.59,1640.91,1780.93,Gold,Desktop,True,2025-09-04,7122.74,21,9
6094296e-c362-4d35-9b22-cf65b1a21ac2,25-34,M,Tier-2,677,4,7280.28,1820.07,1993.72,Silver,Desktop,True,2025-01-06,2774.36,28,7
caf2705e-0e23-43ea-802b-230dda19d36a,18-24,M,Tier-1,418,8,7981.57,997.7,1101.27,Silver,Mobile,True,2025-05-24,4694.27,23,3
9ffef813-6976-42de-93f7-bf49ed3acead,18-24,M,Tier-1,53,6,6641.48,1106.91,819.9,Gold,Mobile,True,2025-12-08,19201.35,22,4
82e3fbf6-ff63-4a0f-a2ea-74b3592dd989,18-24,M,Tier-1,231,11,45237.5,4112.5,5593.13,Gold,Desktop,True,2025-12-09,17937.09,22,6
7b4cee4f-a915-49b4-ab93-982e9819c66a,25-34,M,Tier-1,316,5,10477.94,2095.59,1671.84,Gold,Mobile,True,2025-10-25,13115.57,33,8
18fc558b-a8de-4b1c-8332-b53399d8f0dd,18-24,M,Tier-1,330,0,0.0,0.0,0.0,Bronze,Desktop,False,,14185.05,23,1
a4969bd3-ffbf-4afe-b574-da8118986f6d,18-24,M,Tier-1,221,5,11335.81,2267.16,3076.2,Bronze,Mobile,False,2025-10-19,1371.11,24,6
a7e826c7-dcba-43a2-a288-46d6583f39c5,18-24,M,Tier-1,164,11,25881.1,2352.83,2439.66,Gold,Mobile,True,2025-11-22,12461.8,19,5
a96dbf85-d804-48a9-851b-aed4ee428816,25-34,M,Tier-1,1099,15,19662.28,1310.82,920.33,Silver,Desktop,True,2025-03-14,12822.88,25,1
26d8c40b-1d14-4160-be4c-dbd50a1ceb90,25-34,M,Tier-1,831,13,19756.9,1519.76,1464.68,Gold,Desktop,True,2024-07-03,7412.51,31,6
d364a135-4b21-4a47-93cd-39cd6ea2a0e3,25-34,M,Tier-1,200,9,33836.93,3759.66,4211.25,Bronze,Desktop,False,2025-12-25,15843.43,25,5
fe51cc93-1e4b-4a3e-942b-9bb9f87e4ea4,18-24,M,Tier-1,12,8,10999.11,1374.89,1336.43,Bronze,Desktop,False,2025-12-22,5868.63,20,1
3b778658-855c-410d-a3b4-cf7d520608b7,45+,M,Tier-1,140,3,9320.16,3106.72,3295.1,Bronze,Desktop,False,2025-11-23,18252.5,57,1
0fe2c6a6-ccb7-4ac0-a7d8-a6e4fc07adc4,18-24,M,Tier-1,43,5,9475.78,1895.16,2358.38,Bronze,Desktop,False,2025-11-21,16128.32,22,5
8544f540-3930-4a77-aa9f-fc0b136dd992,25-34,M,Tier-1,783,8,23120.22,2890.03,3955.38,Silver,Mobile,True,2025-11-03,13076.12,32,2
2ebaaffc-abac-471c-a70f-9410ae1f7793,18-24,M,Tier-1,44,8,25862.27,3232.78,4075.2,Silver,Mobile,True,2025-12-03,12257.02,20,2
95f33221-a996-4905-bd16-715a39cf4a87,18-24,F,Tier-1,27,6,9799.92,1633.32,2091.89,Silver,Desktop,True,2025-12-16,4454.96,19,5
8905e7d9-1d25-4efc-8cd1-54ffe4d753ed,18-24,F,Tier-1,32,4,12793.32,3198.33,3761.43,Bronze,Desktop,False,2025-12-15,10282.98,24,4
84e6df50-9414-4b16-b781-1e9b0e14688b,25-34,M,Tier-1,3,5,13900.51,2780.1,2961.49,Bronze,Desktop,False,2025-12-31,9991.95,33,3
6252e326-1205-4dfd-b5df-1a896b427a34,25-34,M,Tier-1,47,1,1040.25,1040.25,723.64,Bronze,Desktop,False,2025-11-27,11181.42,27,2
f373483f-f0e5-4e9c-a212-17a500484e13,25-34,M,Tier-3,663,9,8859.98,984.44,769.82,Silver,Desktop,True,2025-09-06,4409.39,25,6
60880fb8-d012-4e32-b767-98f9fd49d788,18-24,M,Tier-1,135,7,18891.79,2698.83,1645.78,Gold,Desktop,True,2025-12-09,6402.45,21,3
cf237537-d7be-4555-b547-1a72aa920963,45+,M,Tier-1,19,3,7340.15,2446.72,2811.67,Bronze,Desktop,False,2025-12-22,3882.81,63,2
a224bc0a-1ef5-4514-9cd7-be50cde6f82b,18-24,M,Tier-1,1046,10,31251.69,3125.17,4146.49,Silver,Desktop,True,2025-07-17,6649.71,22,4
ad8d3d95-ad6a-4067-aa48-59d1ec9c2a09,25-34,M,Tier-1,471,10,15699.51,1569.95,1139.23,Gold,Desktop,True,2024-12-06,4302.46,26,3
d4cae0d6-ca04-416b-8d34-4bf66965fd7b,25-34,M,Tier-1,41,1,2993.49,2993.49,3442.24,Bronze,Desktop,False,2025-12-03,18554.31,34,4
54ad6270-515f-4f28-b177-66d4a88989ba,25-34,M,Tier-1,714,13,15970.88,1228.53,1473.21,Gold,Desktop,True,2025-04-11,11814.93,29,8
1ebd0d3e-5736-41e1-bd3b-f22c8a9a4458,25-34,M,Tier-2,20,7,6039.54,862.79,815.87,Silver,Desktop,True,2025-12-12,7124.11,29,8
0bea3fa6-ecf0-44d9-8e08-e03c3d589ec4,45+,M,Tier-1,310,10,26792.04,2679.2,1693.75,Gold,Mobile,True,2025-11-17,15369.11,60,7
3e769e09-1654-4d70-8c12-f7ad626e6d7c,35-44,M,Tier-1,843,9,9230.1,1025.57,888.81,Silver,Desktop,True,2024-08-13,13732.54,37,2
e653ef5b-48a7-4da9-88d8-be6fb07affcf,25-34,M,Tier-1,421,10,9746.5,974.65,675.18,Gold,Desktop,True,2024-11-06,15678.41,33,5
e121537f-07d2-41e2-8bf9-c87f91c1f3bd,25-34,M,Tier-1,78,11,34018.97,3092.63,2359.2,Silver,Mobile,True,2025-12-10,11435.17,29,5
12e9381c-baa6-4480-b9be-a5ddacb331f2,25-34,M,Tier-1,1028,18,26016.04,1445.34,1338.95,Gold,Desktop,True,2025-10-10,5269.31,26,11
96bf6b67-ec2f-42b5-ac94-15cc29ab7c92,25-34,M,Tier-1,1256,8,16917.29,2114.66,2067.66,Silver,Desktop,True,2024-09-17,9678.94,27,1
1c4510ef-bdfd-4a3a-a010-bdfae8608f21,25-34,M,Tier-1,40,5,16538.8,3307.76,4069.12,Bronze,Mobile,False,2025-12-10,6076.28,25,2
03ff8067-71c4-4168-8d5e-fcd3d11f106a,25-34,M,Tier-1,75,8,17539.15,2192.39,2653.45,Gold,Desktop,True,2025-11-11,8166.99,30,5
bfd9f35d-0e7f-4cb3-b453-118e3d6b8522,18-24,M,Tier-1,326,7,18872.81,2696.12,2439.95,Silver,Desktop,True,2025-04-27,19779.87,24,2
8693180d-cc82-4c3b-aa24-9a0ac83564f2,18-24,M,Tier-1,1141,9,20087.19,2231.91,2155.0,Gold,Mobile,True,2023-09-29,14726.43,21,3
8808c5b2-1f2a-4a55-856f-037832e4da0a,25-34,M,Tier-1,448,9,17824.79,1980.53,2033.8,Silver,Desktop,True,2025-12-30,19128.65,32,3
44bd2eea-7541-496f-a259-4841bf4ce3d2,25-34,M,Tier-1,50,6,7785.71,1297.62,1567.91,Silver,Desktop,True,2025-12-10,14373.93,26,3
1162a37c-bca6-46b5-9995-dd20c4ee6053,18-24,M,Tier-1,27,2,3910.64,1955.32,1817.75,Bronze,Desktop,False,2025-12-10,13954.21,19,4
ea458794-04bb-4389-b365-621ca7fe050e,25-34,M,Tier-1,104,3,4884.35,1628.12,1575.46,Silver,Desktop,True,2025-10-25,13669.97,32,1
9a2826bb-e39c-49dd-bab2-456e801f9956,18-24,M,Tier-1,262,10,19420.95,1942.1,2478.59,Silver,Desktop,True,2025-12-17,4785.12,21,6
c9a7255c-7529-4700-b5e6-81b79b0811c1,18-24,M,Tier-1,674,6,19872.46,3312.08,2008.7,Silver,Desktop,True,2024-04-17,17436.28,24,4
555502e2-b5cd-4f4b-b394-20b6de0a2614,25-34,M,Tier-1,158,7,20914.81,2987.83,2247.16,Gold,Desktop,True,2025-08-20,5761.91,27,5
d87c56c6-0bfb-453a-aa70-a1430aeed2ac,25-34,M,Tier-1,44,10,9992.24,999.22,1197.05,Silver,Mobile,True,2025-12-22,4337.16,27,2
bf3b7dbb-81d2-4c2a-b792-87aed6b27159,18-24,M,Tier-1,92,3,13607.48,4535.83,3792.47,Bronze,Mobile,False,2025-10-15,17537.54,24,4
f6ff402d-8546-41db-a7e6-a0b54b4bced8,18-24,M,Tier-1,828,5,11791.15,2358.23,2466.36,Silver,Desktop,True,2023-10-10,2715.75,21,4
69ff2a97-4716-410a-abbc-18962e939cd5,18-24,M,Tier-1,7,6,16183.07,2697.18,3074.43,Bronze,Desktop,False,2025-12-30,9958.06,22,3
a1390399-5779-4a53-84bc-ddf599718f87,18-24,M,Tier-1,48,18,32454.29,1803.02,2446.71,Gold,Desktop,True,2025-11-21,6782.93,21,10
ae38f9cf-7b58-4eac-a47b-e304606ce1b7,25-34,M,Tier-1,201,9,33329.81,3703.31,4421.07,Silver,Mobile,True,2025-11-28,3935.94,31,10
8315815a-5e53-40a7-bfd0-f7804be1e8c1,25-34,M,Tier-2,90,2,5237.41,2618.7,3363.35,Bronze,Desktop,False,2025-12-11,2887.74,30,3
24b73210-f687-4fdd-98b5-1bbde7786dcb,25-34,M,Tier-1,265,16,46015.63,2875.98,2213.6,Platinum,Mobile,True,2025-05-06,13150.37,25,6
a87bfa6d-b3d0-43d3-9f68-4960a702e0bc,18-24,M,Tier-1,2,8,10373.51,1296.69,1680.19,Bronze,Mobile,False,2026-01-01,7242.63,19,7
e8823afd-ba39-46c5-9508-437b3b5a4efa,25-34,M,Tier-1,11,3,7087.11,2362.37,1445.51,Bronze,Desktop,False,2025-12-30,16009.71,28,1
a0ffb158-8694-4094-9434-6348b76a2cba,18-24,M,Tier-1,5,11,28406.73,2582.43,2609.78,Silver,Mobile,True,2025-12-28,3072.03,22,6
f8c610d3-8421-4310-bb2a-a98d029ba6b6,18-24,M,Tier-1,215,6,19214.56,3202.43,3148.58,Silver,Desktop,True,2025-06-27,8630.73,23,8
c03aa632-840d-4232-83db-9b2b58ae1dc9,35-44,M,Tier-1,507,7,12386.37,1769.48,1837.93,Silver,Desktop,True,2025-05-10,7178.52,44,7
d1b6560c-ecb2-45ef-870c-642a3b97826d,25-34,M,Tier-1,52,4,14731.04,3682.76,4759.58,Bronze,Desktop,False,2025-12-06,9171.33,28,2
f8f1e568-566e-44b5-9183-84fe8ffb1583,25-34,M,Tier-1,571,17,29243.15,1720.19,2302.28,Silver,Desktop,True,2024-09-12,2275.53,26,4
a731f6c8-408c-4696-a09b-a33862fec9a3,25-34,M,Tier-1,174,3,8322.07,2774.02,2576.09,Bronze,Mobile,False,2025-07-24,17598.54,31,3
c6b3134d-15cb-419f-b2a9-d9ec65595f3b,25-34,M,Tier-1,33,7,8958.31,1279.76,1633.36,Bronze,Desktop,False,2025-12-13,7983.66,29,6
7e8857b8-fbd6-42b3-8292-8916da8b6984,25-34,F,Tier-1,830,6,6214.43,1035.74,1308.73,Silver,Desktop,True,2024-06-29,6081.51,27,6
0444b421-57f0-4c34-a880-27e9ee148a97,18-24,M,Tier-1,709,10,17841.9,1784.19,1974.27,Gold,Desktop,True,2025-07-19,1582.48,23,7
9c322b09-37e0-490c-b1d2-713fed42d2b2,18-24,M,Tier-1,475,7,15273.64,2181.95,1401.0,Silver,Mobile,True,2024-10-08,3990.79,22,7
5d0ec373-317c-48cd-8940-8665dc210c1c,18-24,M,Tier-1,673,5,13595.31,2719.06,2566.6,Silver,Desktop,True,2025-10-27,6381.68,23,9
3d24000a-8b09-43ff-a32d-cd9c960133b4,25-34,M,Tier-1,9,8,12485.81,1560.73,1107.79,Silver,Desktop,True,2025-12-24,5854.87,30,3
658ab184-fe6a-4ef0-8c5c-2489c863e894,25-34,M,Tier-1,479,3,11674.02,3891.34,2559.18,Silver,Desktop,True,2025-04-20,17373.52,25,7
51cf0d60-d95b-49f7-ab97-4f4520b919f0,35-44,M,Tier-1,196,8,14461.83,1807.73,1114.8,Silver,Desktop,True,2025-10-14,7170.6,44,3
0a0874bd-81d6-4e7e-baed-e61fdbb78ca4,35-44,M,Tier-1,3,2,4746.84,2373.42,2013.18,Bronze,Desktop,False,2025-12-30,7450.75,40,4
4a33f20b-e78e-46f2-b77b-c16667c2e5e6,25-34,M,Tier-1,55,13,53186.2,4091.25,2938.14,Gold,Desktop,True,2025-11-19,2953.29,29,2
1b4708d1-ee35-4ca0-b8f7-18fa791508a8,18-24,M,Tier-1,389,14,32800.53,2342.89,2491.84,Gold,Desktop,True,2025-11-02,13941.54,22,8
b878f03f-a3ef-4f62-8d07-dfd01ee545fb,25-34,M,Tier-1,131,1,2040.36,2040.36,1672.56,Bronze,Desktop,False,2025-09-10,2067.27,33,1
3d74eec9-a59c-4fa6-9d67-23760a6061a7,25-34,M,Tier-1,205,3,11098.95,3699.65,3720.57,Bronze,Mobile,False,2025-12-29,9791.52,33,5
94f76c2d-7bf1-4ff2-94d2-8285d07fe9a1,18-24,F,Tier-1,560,4,11378.36,2844.59,2732.0,Bronze,Desktop,False,2025-06-06,16408.37,24,1
aa972d22-d6c6-46b1-8458-aea5bec26a61,18-24,M,Tier-1,89,10,25858.15,2585.82,2304.27,Silver,Mobile,True,2025-11-25,18440.8,21,7
c24a49ca-97d8-4bbc-8ec2-9b03380b3f3c,25-34,M,Tier-1,730,8,19745.34,2468.17,1978.48,Silver,Desktop,True,2024-06-03,17179.76,34,6
c9a34cf4-0c9f-43f1-96aa-deb75380c216,25-34,M,Tier-1,506,14,29853.06,2132.36,2879.54,Platinum,Desktop,True,2025-07-08,6882.06,31,7
3943daaa-3b30-459c-a31e-300dd24b6983,25-34,M,Tier-1,1050,5,13147.88,2629.58,2468.45,Silver,Desktop,True,2024-11-09,7874.73,30,5
c2ac6385-aa7f-4269-ad4c-b93df36fbff6,18-24,F,Tier-1,18,2,2382.33,1191.16,811.08,Bronze,Desktop,False,2025-12-30,15646.62,24,5
7f85b0b5-8ffe-4d37-af22-80ce6a419162,18-24,M,Tier-1,35,4,15342.15,3835.54,4783.82,Silver,Desktop,True,2025-11-29,4145.24,21,4
f6f0d4c2-2dba-4bdd-97d8-c2e40624170f,25-34,M,Tier-1,12,7,15868.98,2267.0,1921.45,Silver,Mobile,True,2025-12-23,16363.85,32,4
ff88a5b4-f5a8-4742-99a0-faf3233a1828,45+,F,Tier-1,110,9,26566.9,2951.88,3700.22,Silver,Desktop,True,2025-10-15,16223.93,49,7
1194796c-b36b-4e24-a84f-48af35fa4a93,25-34,M,Tier-1,801,9,8994.61,999.4,727.81,Silver,Desktop,True,2024-03-21,9537.07,33,9
2b366824-2cbb-42e8-b355-b709e054babf,18-24,F,Tier-1,824,11,22435.0,2039.55,1833.9,Gold,Mobile,True,2024-10-17,8337.16,18,2
cd5887a1-e6da-4eb1-806d-624f67fd813d,18-24,M,Tier-1,117,8,8612.81,1076.6,1052.88,Silver,Desktop,True,2025-12-05,16791.1,24,7
a69d5b8b-2013-490e-afd8-db03d61cd9e1,25-34,F,Tier-1,2,4,15898.4,3974.6,3730.57,Bronze,Desktop,False,2025-12-31,15747.28,28,5
cc291c26-0ce7-4bf9-a8aa-4d508aed490d,18-24,M,Tier-1,21,0,0.0,0.0,0.0,Bronze,Mobile,False,,11925.9,23,4
d4aff396-bf5f-4d1a-902e-f84537c12013,25-34,M,Tier-1,817,6,7667.22,1277.87,835.91,Silver,Desktop,True,2025-12-20,10995.13,33,5
f4c6fb70-9f7c-4ef8-9117-15572be9148e,25-34,M,Tier-1,38,7,9098.71,1299.82,1599.84,Silver,Mobile,True,2025-12-31,7551.25,26,4
0835275f-fb34-45ae-8799-47828f986931,18-24,M,Tier-1,501,20,64933.08,3246.65,3754.14,Gold,Desktop,True,2024-10-26,13002.98,24,8
5ec6da31-1428-493a-9225-bb89da547492,25-34,M,Tier-1,27,5,5480.12,1096.02,1109.51,Bronze,Desktop,False,2025-12-20,19793.33,33,3
882200b6-18c0-4e0b-b8e0-38a9f3cb5b26,25-34,M,Tier-1,667,16,25319.11,1582.44,1415.36,Gold,Mobile,True,2025-04-04,17900.24,32,1
58b23548-8675-4ca1-a8cf-7bf09dcc5623,18-24,M,Tier-1,513,13,13418.77,1032.21,974.91,Gold,Desktop,True,2025-06-02,19906.87,19,7
2c6bbdf3-fca3-4d09-8bf6-a80cb1c6bfcb,18-24,M,Tier-1,167,8,22629.39,2828.67,1793.05,Silver,Desktop,True,2025-12-22,17530.71,20,3
34c67f81-72c4-40bb-8afb-f12f27202a20,18-24,F,Tier-2,25,2,4397.93,2198.97,2514.58,Bronze,Desktop,False,2025-12-26,19103.0,19,2
10b52b4c-5371-4707-ab98-643035e78c60,25-34,M,Tier-1,232,11,34323.93,3120.36,2255.24,Silver,Desktop,True,2025-08-17,9548.53,30,5
fee349f1-e818-4ced-8c81-43acecf66337,18-24,M,Tier-1,30,13,40808.08,3139.08,2350.66,Silver,Desktop,True,2025-12-05,10837.16,22,3
bca16da2-8e11-4bb2-94dd-d5460a300ca7,18-24,M,Tier-3,524,6,12082.94,2013.82,2582.24,Silver,Mobile,True,2025-10-24,9588.81,23,6
beb51a58-4ba7-4615-ae68-9a0c3053f8a4,25-34,F,Tier-3,755,13,30489.19,2345.32,1969.99,Silver,Desktop,True,2024-12-12,3992.6,27,5
32236b1f-6245-46e2-be68-18d2fc549918,18-24,M,Tier-1,864,18,43883.26,2437.96,3030.21,Gold,Desktop,True,2023-11-17,11481.29,22,5
386689b6-123e-47ce-b12d-04a9df29413e,18-24,M,Tier-1,137,2,4488.15,2244.07,1915.59,Silver,Desktop,True,2025-12-27,2409.14,21,7
3d1270e7-0821-4bb0-bec9-83a5a4bbba58,25-34,M,Tier-1,102,3,7629.72,2543.24,1638.69,Bronze,Mobile,False,2025-10-29,3359.06,27,1
dc74856d-68d7-4627-bc3d-983721f29e71,18-24,M,Tier-1,307,8,25257.11,3157.14,3498.26,Gold,Mobile,True,2025-08-02,11465.99,19,3
334ea872-e454-41a2-ae5f-d0ff08ddbbda,18-24,M,Tier-1,213,10,32483.06,3248.31,2826.34,Silver,Desktop,True,2025-12-30,18554.66,18,5
d1fb179e-f001-4bda-a61e-b144e82a04af,18-24,F,Tier-1,53,1,2755.13,2755.13,1719.83,Bronze,Desktop,False,2025-11-27,17890.94,22,2
33c839e5-4a2e-49a8-afb1-ef408df82940,18-24,M,Tier-1,229,6,15556.64,2592.77,2417.75,Silver,Desktop,True,2025-10-19,9824.4,20,4
651994d5-5b90-40b1-8155-fcf35cad98d1,25-34,M,Tier-3,200,11,35788.58,3253.51,2228.48,Silver,Desktop,True,2025-08-22,5593.02,26,4
d0cd5cd0-4408-4654-977a-38ea14821246,18-24,M,Tier-2,1160,12,54060.92,4505.08,5634.87,Gold,Desktop,True,2024-07-30,18741.28,23,6
00a470e7-060f-4772-87a9-3c68a1f92a56,18-24,F,Tier-1,668,12,12500.27,1041.69,1006.05,Gold,Desktop,True,2025-02-28,5573.84,22,3
8f9f8c4b-c7aa-48e3-8eed-167216f3bc76,18-24,M,Tier-1,22,5,3482.29,696.46,492.5,Silver,Desktop,True,2025-12-22,6024.99,20,4
38d7cf21-f58a-456d-aa8d-ecc44c24701a,18-24,M,Tier-1,323,5,13344.43,2668.89,2198.57,Silver,Desktop,True,2025-12-21,19792.72,23,4
481d5d8a-897c-4b6a-b194-4d96c2096eff,45+,M,Tier-1,286,13,36774.01,2828.77,2849.41,Silver,Mobile,True,2025-04-09,10501.48,46,5
80baa44b-505d-4d42-92b6-dfc8459a2237,18-24,M,Tier-1,284,11,21264.52,1933.14,1411.2,Silver,Desktop,True,2025-08-23,19821.7,23,7
c08029fa-3d15-493e-ab6b-e43cd05adb31,25-34,M,Tier-1,1253,6,4773.85,795.64,547.15,Silver,Desktop,True,2022-09-20,8914.27,29,7
1b0cdc78-ed16-4419-b89a-2c967cd17b9d,18-24,M,Tier-3,350,5,4783.97,956.79,975.34,Silver,Desktop,True,2025-07-29,14702.47,24,4
3c0523b1-8545-4ac4-95ac-59db7a838bf8,25-34,M,Tier-2,160,4,6209.26,1552.32,1788.89,Bronze,Desktop,False,2025-11-22,8797.17,34,3
854211d6-e3f3-4705-9a49-ada0b15f8c31,25-34,M,Tier-1,143,2,5897.75,2948.88,2509.5,Bronze,Desktop,False,2025-11-06,4290.47,33,3
eecf7978-84e6-47d9-a4d4-7f33f48bec87,25-34,M,Tier-1,182,11,30570.75,2779.16,2287.82,Gold,Desktop,True,2025-09-14,6671.48,29,6
cc4eb456-74f8-4365-9e39-cc912eee9046,25-34,M,Tier-1,289,6,17072.36,2845.39,3012.65,Silver,Mobile,True,2025-09-10,11320.63,31,8
a92382f0-8480-4087-8e62-27f22c7a4743,25-34,M,Tier-1,24,7,13998.28,1999.75,1966.28,Silver,Desktop,True,2025-12-16,4839.29,33,3
15fb7be7-1ab3-4b3c-ab79-dfc223f88fba,25-34,M,Tier-1,273,13,38740.22,2980.02,3308.88,Silver,Desktop,True,2025-09-19,1997.33,31,2
48966a1c-e0f1-4b04-b81a-f3632ffa11e5,18-24,M,Tier-1,7,11,27146.87,2467.9,3214.98,Silver,Mobile,True,2025-12-29,10071.52,19,2
e74b3f70-2ccd-4ebf-9c37-d159a98e2881,25-34,F,Tier-1,390,10,36578.88,3657.89,4867.13,Silver,Desktop,True,2024-12-25,4326.23,27,2
b0b01e40-9856-408a-a398-02e35d4b8b26,18-24,M,Tier-1,198,22,63752.21,2897.83,3055.38,Platinum,Mobile,True,2025-08-28,3038.71,20,6
da12edef-055b-47b2-83a1-63c6dc57950a,25-34,M,Tier-1,6,4,7518.99,1879.75,1625.13,Bronze,Desktop,False,2025-12-31,14891.27,29,1
d658a3e8-ba64-453d-aab9-475d99cc45e0,25-34,M,Tier-1,545,21,86138.4,4101.83,5174.84,Gold,Desktop,True,2025-08-19,10790.33,26,6
787990fd-c09b-4ea2-9c86-a1fe643c52a1,18-24,M,Tier-1,106,5,8556.85,1711.37,2332.99,Bronze,Desktop,False,2025-11-29,6736.97,23,1
81ccb053-0922-40e2-b931-ff30499ea00f,25-34,M,Tier-1,25,4,8397.79,2099.45,2763.08,Bronze,Desktop,False,2025-12-29,14367.58,29,2
71d9c148-6127-4b62-ae01-c8a0f292ddd1,35-44,M,Tier-1,123,3,4254.13,1418.04,1537.99,Bronze,Desktop,False,2025-12-25,8901.07,43,4
b06cd3ac-5af4-4ff9-80e0-c9eca7458251,25-34,M,Tier-1,53,3,8978.77,2992.92,2865.42,Bronze,Mobile,False,2025-12-15,14371.56,26,2
460a5fe6-c6a9-4afd-9a72-7c768f438d15,25-34,F,Tier-1,462,6,20712.8,3452.13,3950.05,Silver,Desktop,True,2024-11-11,14621.44,32,7
0f1f85b0-76c6-4f6f-b233-e75c49baa866,25-34,M,Tier-1,20,11,30437.12,2767.01,2342.37,Silver,Desktop,True,2025-12-12,1413.64,29,8
078c915f-c5c2-4b92-a863-c793af6b8e75,25-34,M,Tier-1,119,6,18823.1,3137.18,4225.85,Bronze,Mobile,False,2025-09-27,1602.96,31,1
e79e6fee-92d9-4b5e-8bef-9e557d39dbd5,25-34,F,Tier-1,673,9,20908.53,2323.17,3079.16,Silver,Mobile,True,2024-07-13,8137.27,33,6
d031ef21-cdf4-4a5f-b3d3-83b47c4b72d6,18-24,M,Tier-1,3,11,13334.07,1212.19,749.36,Silver,Mobile,True,2026-01-01,6668.9,23,6
6c6e2d5c-a97e-49bd-83cb-5f42db314a4b,25-34,M,Tier-1,19,3,7910.68,2636.89,3289.74,Bronze,Mobile,False,2025-12-20,8965.57,25,1
2a299883-d67e-497d-a323-5deaced02852,18-24,M,Tier-1,179,12,36549.77,3045.81,2398.49,Silver,Desktop,True,2025-07-20,5128.11,24,4
811ed7c9-15d5-495e-b00e-96c7314e7456,45+,M,Tier-1,308,5,18444.18,3688.84,2912.42,Silver,Desktop,True,2025-06-20,17648.91,61,10
727cd1b2-861e-473f-8487-dd76b2515bfe,18-24,M,Tier-1,177,7,21268.77,3038.4,1937.0,Silver,Desktop,True,2025-12-26,7543.88,23,8
e7f65b23-4c34-4de8-9e00-68fc3e8d41fa,25-34,M,Tier-1,987,8,18081.0,2260.12,1763.52,Silver,Desktop,True,2025-07-23,17293.28,27,1
cd8d33e8-a958-4a66-ab52-e8657bf12673,18-24,M,Tier-1,189,8,12050.15,1506.27,999.04,Silver,Desktop,True,2025-07-19,9545.95,20,3
73e674dd-ca86-4d6b-816e-874fed278303,25-34,M,Tier-1,82,8,9270.24,1158.78,1239.97,Silver,Desktop,True,2025-12-11,13757.56,28,1
a3de67c4-4c84-4fa2-9e0f-2ef331413c0c,35-44,M,Tier-1,240,7,24402.23,3486.03,4195.31,Bronze,Desktop,False,2025-11-02,18374.38,44,6
c07edda7-0fb7-410f-b032-19b52d090772,35-44,M,Tier-1,363,9,15873.15,1763.68,1781.76,Silver,Desktop,True,2025-08-31,10448.27,36,3
01a97dfe-1e23-4120-a5dd-2debe74defb2,18-24,M,Tier-1,63,1,2558.19,2558.19,2667.29,Bronze,Mobile,False,2025-12-22,12096.61,23,3
73dca0df-84b0-4a16-9b22-93bfe4be6602,18-24,M,Tier-1,21,4,14283.78,3570.95,4323.31,Bronze,Desktop,False,2025-12-31,10283.8,23,1
25dffca5-8f53-4e45-bf9c-81353880e8d3,25-34,M,Tier-1,24,1,1605.28,1605.28,2234.97,Bronze,Desktop,False,2025-12-09,19187.5,33,4
69426791-d8c0-4d60-925f-96253ff00273,18-24,M,Tier-1,268,3,6993.65,2331.22,1680.4,Bronze,Desktop,False,2025-10-16,5155.67,21,6
ae48d379-818a-4f74-9a8e-55e29a60d7eb,25-34,F,Tier-1,96,10,24143.09,2414.31,1480.89,Silver,Desktop,True,2025-11-02,14721.66,33,2
92e15e27-7a8a-4b8c-9a35-d4530489fa62,25-34,M,Tier-1,30,13,12383.37,952.57,717.8,Gold,Desktop,True,2025-12-10,11002.66,30,4
751e8b49-3543-4100-b9b3-d8e29b960094,18-24,F,Tier-1,54,2,3981.73,1990.87,1322.92,Bronze,Desktop,False,2025-12-26,19841.82,23,5
1272df79-4a6e-4bc0-a324-5151679e1d22,18-24,M,Tier-1,3,9,10904.85,1211.65,1352.11,Silver,Desktop,True,2025-12-29,7294.14,24,1
a2ae7ce3-4af0-440e-9748-4f26f4525b19,35-44,M,Tier-1,104,5,9752.1,1950.42,2238.19,Silver,Desktop,True,2025-11-30,6327.09,43,7
280e56af-6f64-4504-af5a-072336dcb5ad,18-24,M,Tier-1,155,8,30928.02,3866.0,5192.42,Bronze,Desktop,False,2025-09-29,6686.26,22,4
d4361136-885c-4986-8660-12e6ae1c41f1,25-34,M,Tier-1,168,4,14326.9,3581.72,2373.76,Silver,Mobile,True,2025-07-30,15163.67,30,3
1724a71c-f4d4-4afe-8c33-5a27b3f39a68,18-24,M,Tier-1,158,9,32666.9,3629.66,4019.12,Silver,Desktop,True,2025-11-29,15887.41,21,3
0db79fcf-72c4-418e-9a1c-dc41d1c3052b,25-34,M,Tier-1,11,3,9009.65,3003.22,2394.05,Silver,Desktop,True,2025-12-23,2396.63,29,4
4d731cdb-bb87-4f4e-ae38-1574f16f06f4,25-34,M,Tier-1,936,11,41063.93,3733.08,4513.58,Silver,Desktop,True,2023-12-18,2942.4,26,6
20d3eb3a-c51f-48a8-b595-a519be9069ab,25-34,M,Tier-1,21,2,6037.02,3018.51,3896.82,Bronze,Desktop,False,2025-12-23,1234.47,31,4
57496844-15e4-4990-ac6b-fe789c8efec3,25-34,M,Tier-3,58,8,20778.7,2597.34,2117.18,Bronze,Desktop,False,2025-11-08,6099.73,27,1
947f2754-beec-4d21-81b8-c89b5dd47553,18-24,M,Tier-1,193,11,34118.28,3101.66,3391.15,Silver,Mobile,True,2025-09-07,9699.37,19,8
282720f4-fc65-4377-9323-371195f83ea6,18-24,M,Tier-1,168,9,22138.49,2459.83,2757.05,Gold,Desktop,True,2025-10-07,12293.47,20,11
bd6877fd-77b8-494c-809a-133c89bd158e,25-34,M,Tier-1,34,10,33191.4,3319.14,4561.2,Silver,Desktop,True,2025-12-22,15857.51,30,5
b96d74a6-9cd7-4dba-855a-2900151b7b52,25-34,M,Tier-1,44,4,6092.16,1523.04,946.62,Bronze,Mobile,False,2025-12-16,14817.05,28,4
bfe1523e-8a44-4192-b089-ab41c43cc228,25-34,M,Tier-1,669,8,9177.24,1147.15,920.18,Gold,Desktop,True,2025-03-24,3928.72,31,7
a5e9a72d-f469-499b-ae88-ea42f3b85e67,45+,M,Tier-1,157,6,18396.47,3066.08,3779.18,Silver,Mobile,True,2025-12-27,7831.06,62,4
f65aef00-6385-40b8-8887-471ba63941e6,18-24,M,Tier-1,474,4,4495.7,1123.92,1283.49,Silver,Desktop,True,2025-03-02,8592.74,24,6
68c509c6-879d-41d5-bccd-e83419e9bfe3,25-34,M,Tier-1,194,10,27376.39,2737.64,2618.89,Silver,Desktop,True,2025-12-14,8431.55,34,3
ce2d7ae6-fc32-4ab6-b73e-21d225ff51ba,18-24,M,Tier-1,375,9,12401.18,1377.91,982.92,Silver,Mobile,True,2025-04-06,6925.92,21,3
ab5791c0-4549-4e5b-ba0c-c6617d7e5f22,18-24,M,Tier-1,0,4,4089.96,1022.49,631.97,Silver,Desktop,True,2026-01-01,7518.48,18,1
0a90db25-6db6-44a4-9ee2-d952273286d5,25-34,M,Tier-1,85,9,22949.61,2549.96,2814.67,Silver,Desktop,True,2025-11-27,4541.35,31,5
933ac323-ddd6-41fa-a586-965f4a2fe594,25-34,M,Tier-1,147,3,4817.15,1605.72,2002.31,Silver,Desktop,True,2025-12-22,2188.71,26,7
44d2265a-7d45-459b-82c5-122f5d53d0eb,18-24,M,Tier-1,761,13,38421.58,2955.51,3218.69,Gold,Desktop,True,2024-11-26,12153.09,20,7
82e6b7c6-1bf7-4e04-9c95-1a3855b8ae6b,25-34,M,Tier-1,16,12,10972.31,914.36,634.83,Silver,Desktop,True,2025-12-27,6802.22,27,6
d9f85f45-9cbb-4cbe-bcb8-018bd7faef6e,25-34,M,Tier-1,662,5,15264.25,3052.85,3407.62,Silver,Desktop,True,2024-08-27,19998.09,33,2
0fc4ced0-ec38-4c40-b647-5f0968472c25,18-24,M,Tier-1,41,1,709.9,709.9,888.92,Bronze,Desktop,False,2026-01-01,19312.75,22,3
46559c47-4dd9-4f0f-800e-3f697279db8f,25-34,M,Tier-1,271,7,6948.23,992.6,827.5,Silver,Desktop,True,2025-08-30,6222.21,33,3
69307334-4175-4871-9931-240fe9678c1f,25-34,M,Tier-1,441,4,5174.86,1293.71,1628.3,Silver,Desktop,True,2025-11-10,7970.37,25,4
65ca0968-756e-4966-82a7-b8e87ee7cb4d,25-34,F,Tier-1,178,16,33643.53,2102.72,2018.16,Gold,Mobile,True,2025-10-27,7622.96,26,6
40e2db1b-1808-40c3-90ec-956438fd8f28,18-24,M,Tier-1,77,11,40833.8,3712.16,3498.84,Silver,Desktop,True,2025-11-11,12706.87,24,3
960d8490-483c-424b-a3ae-a092fd2f7151,25-34,M,Tier-1,292,10,36065.9,3606.59,3816.45,Silver,Desktop,True,2025-05-02,19095.55,33,4
c3fd6ddf-5012-4a27-9cc5-5fce92243150,25-34,M,Tier-1,0,5,12986.23,2597.25,1862.21,Bronze,Desktop,False,2026-01-01,7119.84,28,2
e665f503-060f-419d-b548-384e18f38a57,25-34,M,Tier-1,96,6,18166.72,3027.79,3065.61,Silver,Desktop,True,2025-11-24,6286.29,30,1
528a4ee3-ee40-4f09-a721-d9b3306f5afd,18-24,M,Tier-1,556,14,33822.4,2415.89,2141.88,Silver,Mobile,True,2025-08-05,2203.28,22,10
f117619e-141f-48a6-87e5-1f9e364e11d7,25-34,M,Tier-1,323,14,38072.75,2719.48,2687.58,Gold,Desktop,True,2025-03-07,7531.05,25,6
1280b60f-55b1-4d8f-8db8-76011a3f1e01,25-34,M,Tier-1,4,9,8542.16,949.13,723.1,Gold,Desktop,True,2025-12-30,14083.25,27,5
2ee2abc4-4ea4-486c-8958-b2afc3424a92,35-44,M,Tier-1,2,3,9594.56,3198.19,2932.97,Bronze,Desktop,False,2025-12-31,6804.68,38,3
81e5cdbb-88d5-4665-900a-d06655e66b01,25-34,M,Tier-1,143,7,16742.68,2391.81,2766.07,Bronze,Desktop,False,2025-09-13,16525.07,31,3
0d3737e5-0abb-4e53-8d54-a978b19a7ee7,18-24,M,Tier-1,27,2,3350.33,1675.16,2095.11,Bronze,Desktop,False,2025-12-26,17615.45,23,2
181e07f2-a699-457e-975f-585c1fe9e1e0,25-34,M,Tier-1,11,10,24180.21,2418.02,2247.23,Silver,Mobile,True,2025-12-22,14044.76,28,8
f147d42d-97ad-4bb8-8c67-9f8099712785,18-24,M,Tier-1,61,4,11981.4,2995.35,3341.9,Silver,Desktop,True,2025-12-09,5715.17,22,9
563ef6e3-35c1-4b5c-a158-fc82589e7a78,18-24,F,Tier-1,1043,12,18237.14,1519.76,1141.21,Gold,Mobile,True,2023-06-14,8443.27,23,2
dff391b3-f075-4caf-83de-9784c88f1ba9,25-34,M,Tier-1,145,0,0.0,0.0,0.0,Bronze,Desktop,False,,7860.87,30,2
0fd2b189-a694-4ab5-a1d1-0d2fc6faca7c,25-34,M,Tier-1,1084,4,17084.3,4271.07,2619.67,Silver,Mobile,True,2024-03-29,2283.12,29,7
497a5cde-becb-46e9-a385-937d227129ed,18-24,M,Tier-1,118,11,25314.03,2301.28,1532.52,Silver,Desktop,True,2025-09-24,11194.73,22,6
72a6a2ab-f0c0-4aa6-9893-540d20c1b866,18-24,M,Tier-1,154,13,28086.25,2160.48,2738.67,Gold,Desktop,True,2025-10-18,13940.06,18,9
53c45508-931c-43ac-9254-ff0ed3ab34cd,25-34,M,Tier-1,61,6,14092.64,2348.77,1990.42,Bronze,Desktop,False,2025-11-08,15092.18,27,5
34f5b463-28fd-4fe5-bd67-c804801c831e,18-24,M,Tier-1,247,7,21710.6,3101.51,2783.59,Silver,Desktop,True,2025-07-06,15245.75,24,1
5e1bc572-0e85-4026-8759-12f8bdeb4595,18-24,F,Tier-1,364,11,21486.8,1953.35,2152.64,Silver,Desktop,True,2025-07-05,10426.8,22,5
08b04bef-47a7-4e56-90ce-30f9a43f1aac,25-34,M,Tier-1,185,10,25021.73,2502.17,2984.15,Gold,Mobile,True,2025-08-31,1048.8,25,7
7072ecd3-d2d2-4b0b-bcc5-f9651cb9f704,18-24,F,Tier-1,784,13,47560.07,3658.47,4114.18,Platinum,Desktop,True,2025-01-08,5265.79,19,7
9a40f43c-eaa1-4be8-87bc-34fc6e6cbfac,18-24,M,Tier-1,56,2,1722.61,861.3,872.17,Bronze,Desktop,False,2025-11-10,1872.64,21,5
f3dc8fd9-70e0-4293-9313-ba8f1d74d928,25-34,M,Tier-1,54,3,5446.32,1815.44,2228.64,Bronze,Desktop,False,2025-12-07,15051.94,28,2
783ad2d1-c9fe-4496-84e1-630e428d239f,45+,F,Tier-1,219,8,23034.22,2879.28,3875.27,Silver,Desktop,True,2025-08-23,1454.29,62,3
d8941821-d161-4363-bae5-653d172a2c60,25-34,M,Tier-1,169,13,37939.39,2918.41,2230.12,Gold,Desktop,True,2025-11-18,19679.2,31,3
cbad26e0-5109-43d7-917c-2c7a543ea123,45+,M,Tier-1,91,3,10151.09,3383.7,4454.51,Bronze,Desktop,False,2025-12-15,9710.7,47,5
481de877-0364-4282-ad27-e6ff038ac04e,18-24,M,Tier-1,94,11,38240.28,3476.39,2811.68,Silver,Desktop,True,2025-11-18,6985.17,24,1
a994f711-5185-4da5-beff-bc70ade3db68,25-34,M,Tier-1,87,5,17037.35,3407.47,2468.13,Bronze,Desktop,False,2025-11-15,4123.12,32,3
80ae004b-0e15-4e42-9b25-8b6822c0c122,25-34,F,Tier-1,170,7,7151.26,1021.61,1173.67,Silver,Desktop,True,2025-07-25,16701.35,34,5
a14729da-a9ca-46b2-949e-3caabb4570a1,25-34,M,Tier-1,155,21,18473.01,879.67,1104.93,Platinum,Desktop,True,2025-11-22,4303.49,31,3
dcb008c3-acfd-4e14-bc3d-ad0b6510dcaa,25-34,M,Tier-1,142,5,5547.13,1109.43,862.95,Gold,Desktop,True,2025-11-15,4764.53,31,10
d678e0b7-0970-471f-adf5-b5be5d7f434c,35-44,M,Tier-1,479,12,42100.98,3508.42,3918.17,Gold,Desktop,True,2025-12-16,16376.67,36,9
18a8e8da-2a1b-4408-9e2e-d5570c83591d,25-34,M,Tier-2,99,6,14294.11,2382.35,2374.97,Bronze,Mobile,False,2025-10-16,8271.86,31,3
8cf46467-5521-4383-975f-5a6b2bddea97,35-44,M,Tier-1,35,2,5875.53,2937.76,2935.16,Bronze,Desktop,False,2025-11-30,17772.79,42,3
be870183-a788-4723-9123-534010466ec5,18-24,M,Tier-1,532,9,36455.4,4050.6,2493.65,Gold,Desktop,True,2025-07-20,8267.46,23,2
d1dba5bb-5c0f-4271-a80d-508d8bda9095,25-34,M,Tier-1,327,8,7341.75,917.72,572.15,Silver,Desktop,True,2025-03-09,16403.1,29,7
440eabcf-c974-4b87-bddf-b01673895931,25-34,M,Tier-1,43,4,5712.76,1428.19,1466.68,Bronze,Desktop,False,2025-12-03,16033.51,25,3
f05de18b-83ee-4fbd-ad4f-aea07105d6c0,45+,M,Tier-1,790,19,27428.77,1443.62,1718.61,Platinum,Desktop,True,2023-12-01,7816.88,63,6
b04f6562-7ba7-4566-8a86-a589a14a8a31,18-24,M,Tier-1,90,14,56444.46,4031.75,4167.62,Gold,Mobile,True,2025-10-14,4335.58,18,2
07bf53ca-5878-4814-b38c-3c1384632547,25-34,M,Tier-1,54,7,22157.04,3165.29,2348.54,Silver,Desktop,True,2025-11-11,16246.06,30,2
9b5990ca-f4ec-43a7-a3c5-9259ef9d3a36,25-34,F,Tier-1,123,13,47812.89,3677.91,4978.19,Gold,Mobile,True,2025-10-13,8516.32,26,8
8347761e-043f-4362-8556-8ee8f62a2686,18-24,M,Tier-2,380,7,17516.8,2502.4,3440.79,Gold,Mobile,True,2025-06-17,14177.65,22,4
49abb9e2-58b9-45dd-bf9a-d09275de5a10,25-34,M,Tier-1,149,6,22167.28,3694.55,5020.74,Silver,Desktop,True,2025-08-13,8440.43,34,5
acfde892-8e85-4e90-ae26-4eabbd75a23a,18-24,M,Tier-1,385,12,26718.46,2226.54,1474.52,Silver,Desktop,True,2025-03-07,7589.39,20,4
b46fff6e-cf54-454f-81c5-dbf1bd824c57,45+,M,Tier-1,629,6,4435.98,739.33,853.59,Silver,Desktop,True,2024-04-13,7659.14,48,6
10b844c9-8411-480d-9957-eb9335b56f61,25-34,M,Tier-1,139,6,10968.06,1828.01,2308.86,Silver,Mobile,True,2025-10-11,15985.87,34,3
1f20b921-b528-4fa7-b136-b81b4a47fc9d,18-24,M,Tier-1,489,10,9005.43,900.54,810.82,Silver,Mobile,True,2025-12-25,14907.72,22,5
07f58da7-0bcc-4151-ae4b-1f4ee362270a,18-24,M,Tier-1,716,10,33044.92,3304.49,4334.84,Silver,Desktop,True,2024-12-20,3984.97,18,3
53ad93f5-1f55-4193-b074-b2b99fe75ead,18-24,M,Tier-1,715,8,12178.52,1522.32,973.84,Silver,Desktop,True,2025-06-02,11863.63,24,5
a28e3064-8325-45a6-94a7-a57febea3a0d,18-24,M,Tier-1,63,9,10493.82,1165.98,858.94,Silver,Desktop,True,2025-12-29,6544.42,18,3
bec5dd3d-5c6e-46f9-8835-2edfda52469c,18-24,M,Tier-1,90,4,8883.56,2220.89,2905.8,Silver,Desktop,True,2025-10-08,8018.63,21,9
9c1bb12b-badd-4455-80f6-39da31c2c739,25-34,M,Tier-1,85,1,2449.37,2449.37,2143.28,Bronze,Mobile,False,2025-11-06,11287.53,34,6
a3f17967-c0c2-4ba2-9126-4e915910cea6,25-34,M,Tier-1,12,5,13367.64,2673.53,2622.76,Silver,Mobile,True,2025-12-28,2500.15,25,3
8aeff9b1-be47-4bce-8c20-9e546a881715,25-34,M,Tier-3,144,3,7916.2,2638.73,1936.12,Bronze,Mobile,False,2025-09-11,5025.91,28,7
dbef734c-b76a-43f4-8cbc-4ffe46b297c7,18-24,M,Tier-1,291,14,35128.56,2509.18,2965.05,Gold,Desktop,True,2025-09-30,16339.53,18,10
29ca78b7-77bd-4a8b-ad60-f88d596ef85c,25-34,M,Tier-1,627,13,40922.15,3147.86,3857.23,Gold,Desktop,True,2024-09-12,3137.86,27,9
b30694a6-8fcc-40a2-8824-c293e77f5030,25-34,F,Tier-1,32,3,11404.7,3801.57,4957.66,Bronze,Mobile,False,2025-12-24,17679.98,29,4
1d747ef1-0aa6-4b8d-86ca-c9e40c3e11fd,25-34,M,Tier-1,5,13,37199.58,2861.51,2622.96,Silver,Desktop,True,2025-12-27,17700.2,28,2
39055ec9-d1e6-4301-a223-7ebb98cad9fe,35-44,F,Tier-1,16,11,18605.62,1691.42,1956.88,Gold,Desktop,True,2025-12-20,2866.13,38,9
23533e6a-fd10-4aac-8a57-4968f69cac57,25-34,M,Tier-1,486,8,8483.25,1060.41,1411.14,Silver,Desktop,True,2025-09-25,8736.24,32,5
206f5108-01dd-4a7f-8bf3-9d7df42de3fa,18-24,M,Tier-1,48,1,2325.44,2325.44,2370.62,Bronze,Desktop,False,2025-11-26,11804.77,19,2
0a42166e-5fb5-4430-96fa-ace67ecbd95b,18-24,M,Tier-1,10,3,4084.42,1361.47,1322.5,Bronze,Desktop,False,2026-01-01,8541.9,18,4
69ccf203-c09a-44bd-b31c-dfb616651f57,18-24,M,Tier-1,177,9,14948.22,1660.91,2185.08,Gold,Desktop,True,2025-07-31,15230.26,23,4
91fd249a-54d1-466a-9113-4f2646a29599,18-24,M,Tier-1,1158,11,33832.97,3075.72,2507.53,Platinum,Mobile,True,2022-11-18,8780.64,18,7
d95a1b9f-ea27-437c-972f-0229a33c2cd3,18-24,M,Tier-1,86,3,12427.44,4142.48,4836.32,Bronze,Desktop,False,2025-11-20,6232.19,21,1
52a5b063-feb7-4a78-a8c5-fca8c379e655,18-24,M,Tier-1,184,10,9880.27,988.03,1356.75,Silver,Desktop,True,2025-12-13,16948.19,22,7
5692d272-d239-465b-a248-73970d5bb19b,18-24,M,Tier-1,203,9,15085.68,1676.19,1885.54,Silver,Desktop,True,2025-08-27,19091.57,23,6
39b11236-6ed5-49d6-af8d-1446f6ac0e7f,25-34,M,Tier-1,402,11,21362.7,1942.06,1382.64,Gold,Mobile,True,2025-04-25,1483.65,32,4
3974e338-09d0-4514-86b7-494be9f8ad31,18-24,M,Tier-1,60,9,13817.67,1535.3,1194.3,Silver,Desktop,True,2025-12-02,11158.07,24,5
038621c4-8353-46fe-93a1-e699ee346cf8,25-34,M,Tier-1,123,17,19678.7,1157.57,813.03,Gold,Mobile,True,2025-12-06,5914.39,33,1
d59fa2a2-aa90-441f-94bf-7f536575d358,45+,F,Tier-1,204,5,17372.13,3474.43,4549.68,Bronze,Desktop,False,2025-08-25,8061.97,63,1
f7bb5959-f1dd-444a-ba6d-af66076f3e73,18-24,M,Tier-1,760,5,10143.63,2028.73,1411.7,Silver,Desktop,True,2024-10-03,13933.26,22,5
e77187b8-9380-49d1-8905-aa69b6b60860,25-34,M,Tier-3,2317,5,21844.98,4369.0,3122.0,Silver,Mobile,True,2020-07-25,17385.48,27,6
35b13fb8-49b5-4ab7-8360-f7326669bdde,25-34,M,Tier-1,3,4,11227.54,2806.89,3400.79,Bronze,Desktop,False,2025-12-30,10301.96,26,2
77aecbfb-40eb-4448-a1ff-4c4ccb2f22a5,25-34,M,Tier-3,386,7,9555.89,1365.13,834.45,Silver,Desktop,True,2025-03-18,7122.05,33,4
f1029891-72aa-42cb-beae-5f693e41fee6,18-24,M,Tier-1,1323,11,12431.9,1130.17,954.87,Gold,Desktop,True,2024-01-19,2240.45,18,4
ea301d17-96c3-4652-9e21-10931d14a3eb,25-34,M,Tier-1,126,11,16190.4,1471.85,1460.29,Silver,Desktop,True,2025-12-27,15252.2,27,3
6fdfb224-8fac-4a92-a79e-11449cdb8d62,25-34,M,Tier-1,881,19,16562.97,871.74,608.94,Platinum,Desktop,True,2024-08-22,14511.09,25,6
85f4aeb8-ed1b-4437-bf96-2ef265311b34,18-24,M,Tier-1,1259,24,56063.18,2335.97,2690.57,Platinum,Desktop,True,2023-04-01,8918.74,21,4
011de63f-46be-49ed-a677-ec77f79fdeef,25-34,M,Tier-1,271,13,40390.13,3106.93,2535.2,Silver,Desktop,True,2025-11-05,12507.05,27,1
a27dc76c-933a-4f8c-b20c-cd7dfeb9a25e,18-24,M,Tier-1,23,7,8842.72,1263.25,1023.73,Bronze,Desktop,False,2025-12-20,10939.78,19,2
890ff6e4-bacf-47b2-bd79-85582398869b,18-24,M,Tier-1,41,4,5953.52,1488.38,1692.74,Bronze,Mobile,False,2025-12-27,18230.72,24,2
2e72c869-2e66-45f9-9d94-e9bdc8481648,18-24,M,Tier-1,271,10,14447.7,1444.77,2009.58,Silver,Desktop,True,2025-04-30,6624.42,21,4
be72906d-5ba1-4476-9d71-84240246087a,18-24,M,Tier-1,875,15,39763.01,2650.87,3198.44,Gold,Desktop,True,2023-12-29,1871.89,24,5
bb083c3d-6815-479c-bc6f-6eb0070c4fa5,18-24,M,Tier-1,271,5,6178.53,1235.71,922.2,Silver,Mobile,True,2025-08-22,8614.77,21,8
623fd86b-eecf-494e-942b-f950441914ad,25-34,M,Tier-1,25,5,6674.46,1334.89,1849.16,Gold,Desktop,True,2025-12-20,17042.65,26,7
03dc8c4c-dac5-4577-8787-02d2ac706745,25-34,M,Tier-1,194,6,18936.6,3156.1,4115.43,Silver,Mobile,True,2025-10-22,14818.29,27,6
78729e3b-be78-426e-af22-aa707cbc20c3,18-24,M,Tier-1,61,5,16360.1,3272.02,3972.31,Bronze,Desktop,False,2025-11-15,11956.33,22,1
4b9c819d-9c21-4083-b310-6ac2a2828540,25-34,M,Tier-1,193,8,20992.59,2624.07,2300.26,Silver,Desktop,True,2025-07-30,13849.62,31,4
92034c02-3776-4b79-8a45-82db2fa4a2e4,25-34,F,Tier-1,239,8,32089.76,4011.22,5196.67,Silver,Desktop,True,2025-07-28,2422.44,32,4
b7728850-d5f2-4649-8e50-b482cdbb3509,45+,M,Tier-1,51,6,9159.64,1526.61,1894.54,Silver,Desktop,True,2025-12-09,9513.87,60,9
ca2d606a-18a4-4149-ae4d-2a1ffc6d3f24,45+,M,Tier-1,418,12,34685.65,2890.47,3565.18,Silver,Desktop,True,2025-04-13,19300.25,65,6
b8de3f91-2a12-4992-aa87-674487618924,25-34,M,Tier-1,95,7,27182.1,3883.16,3361.18,Silver,Mobile,True,2025-11-27,15580.91,34,5
740bb86a-466a-4a4d-94bb-ee092530d41f,18-24,M,Tier-1,277,8,16319.81,2039.98,2529.43,Silver,Desktop,True,2025-05-23,11406.12,20,3
f4d5fcd5-9c75-48c7-84a3-aa34e0594430,18-24,M,Tier-1,424,4,9641.73,2410.43,3240.03,Silver,Desktop,True,2025-12-30,8465.03,21,4
7c4e8390-7037-4446-80c9-93ab5c7f50e2,25-34,M,Tier-1,900,23,68457.01,2976.39,2858.54,Gold,Mobile,True,2023-11-30,13510.68,33,5
f945f7c2-ec8d-480e-a36f-03e7df286f89,18-24,M,Tier-1,255,3,12541.52,4180.51,5552.32,Silver,Desktop,True,2025-06-25,14144.54,19,2
409a909d-ed57-451b-a15c-3f7014010dee,25-34,M,Tier-1,443,12,35525.44,2960.45,2364.19,Gold,Desktop,True,2025-03-14,8559.53,30,5
46ca5666-2b07-4ede-a02d-35c30c053b9f,18-24,M,Tier-1,277,9,31356.83,3484.09,4074.64,Gold,Desktop,True,2025-07-19,18774.73,23,6
fccd047c-da4f-4e7c-99cd-007f8766b4e6,25-34,M,Tier-1,71,7,23858.23,3408.32,3418.94,Silver,Mobile,True,2025-11-05,14191.93,30,4
b5b6e279-e373-43b6-b6a9-8f67cfe7ea3d,25-34,M,Tier-2,93,4,14840.04,3710.01,4830.37,Silver,Desktop,True,2025-12-05,9025.34,25,4
fd14b437-d3ca-46e4-9d8b-6c111347227f,18-24,M,Tier-1,217,4,16947.45,4236.86,3038.43,Bronze,Mobile,False,2025-08-12,2178.62,24,5
fc5c7914-6ebc-485e-b875-6c4d5b930ebd,25-34,M,Tier-1,401,10,23115.29,2311.53,2583.59,Silver,Desktop,True,2026-01-01,8388.85,33,6
47be03be-2b1e-440d-a801-29e3ce6e1e86,25-34,M,Tier-1,249,9,32111.81,3567.98,4897.65,Silver,Desktop,True,2025-06-17,2022.24,29,5
9a1cf2fa-7f38-4aaf-ac6a-6a14c62431cf,25-34,M,Tier-1,1003,7,22158.74,3165.53,3283.58,Gold,Desktop,True,2024-01-30,12464.35,28,10
2b6c7ad5-e696-4787-931e-598ed2997ad3,45+,M,Tier-3,439,6,5087.14,847.86,687.95,Silver,Desktop,True,2024-10-21,4057.65,53,3
2a99e265-80bd-4bc8-ac0f-3c18596eacc4,25-34,M,Tier-1,397,5,19792.95,3958.59,4471.28,Silver,Desktop,True,2025-09-07,10320.47,34,2
6740de25-e692-4c19-8a8b-e12516cb02cc,25-34,M,Tier-1,99,3,7005.57,2335.19,2404.38,Bronze,Desktop,False,2025-10-21,2746.97,28,2
29565524-3b89-4984-88d5-84ea5d551a6b,18-24,M,Tier-2,663,6,17148.68,2858.11,3199.48,Silver,Desktop,True,2025-06-08,3179.72,20,5
ffd76184-a394-441b-8478-2234c2482634,25-34,F,Tier-1,119,6,13558.64,2259.77,1560.82,Bronze,Mobile,False,2025-09-07,5875.22,29,2
4c613f70-5c35-40eb-b316-258b70ca99f8,25-34,M,Tier-1,301,6,19335.33,3222.56,3258.38,Silver,Desktop,True,2025-12-06,19016.02,27,2
3e5570f5-49b0-4ee4-8f06-2cc95282e56d,25-34,M,Tier-1,250,4,12259.95,3064.99,3871.08,Bronze,Desktop,False,2025-10-08,17694.11,31,1
8babe3c3-c0a4-4792-9eb2-3b579f1316cf,18-24,M,Tier-1,373,6,5406.96,901.16,722.3,Silver,Desktop,True,2025-04-19,2338.4,24,3
5c895646-7096-4d43-8869-3db85978ee16,18-24,M,Tier-1,280,4,3782.57,945.64,1112.29,Silver,Desktop,True,2025-04-19,2201.51,23,8
8c67388d-bea8-430e-8e03-d189ca1565eb,18-24,F,Tier-1,182,11,13101.85,1191.08,1131.69,Gold,Desktop,True,2025-07-10,8507.15,23,4
f8777b3c-45cf-4695-8b46-710fda55025b,25-34,M,Tier-1,431,14,46495.58,3321.11,3792.15,Gold,Desktop,True,2024-11-01,18369.21,30,6
3c49a3df-2e8d-4fe5-8f3c-cfcfcb173e12,25-34,M,Tier-1,100,7,24717.66,3531.09,4232.5,Silver,Desktop,True,2025-10-20,18167.38,30,3
54537186-7fc3-4746-8f76-71955cb69426,25-34,M,Tier-1,11,5,6203.1,1240.62,1538.03,Bronze,Mobile,False,2025-12-28,17192.77,33,3
b7eeb6f8-4794-489f-a2ea-b098da1d5705,18-24,M,Tier-1,95,7,25376.47,3625.21,4122.0,Bronze,Desktop,False,2025-12-16,5456.12,20,4
5bb8aecf-da3c-47b0-8990-08cdc9578de7,18-24,M,Tier-1,113,10,13221.02,1322.1,1647.55,Silver,Desktop,True,2025-09-10,19214.52,19,4
a04dea04-7bf1-4454-ad64-db66c3fa121d,25-34,M,Tier-1,41,5,13871.2,2774.24,2729.75,Bronze,Desktop,False,2025-12-22,9461.8,29,1
eb644ac7-a4a1-40a5-b3d8-216a02139d18,18-24,M,Tier-1,1073,11,25130.37,2284.58,2990.67,Gold,Desktop,True,2023-03-03,2452.79,18,8
0f4f0558-f796-46aa-a5ae-e846859afd89,25-34,M,Tier-1,324,13,10783.05,829.47,1090.91,Gold,Desktop,True,2025-08-17,11253.87,27,4
a4804e96-452a-45bc-8f50-9ab16beead94,25-34,M,Tier-1,132,1,1030.43,1030.43,626.99,Bronze,Desktop,False,2025-10-03,5538.74,34,5
0a67a108-3b90-4df4-8fa4-1eb76ce9080e,18-24,M,Tier-1,233,6,8312.97,1385.49,1872.27,Silver,Mobile,True,2025-09-14,1767.98,24,5
84ad5969-7f7d-42ed-b99a-ad039ab63800,18-24,M,Tier-1,528,10,23832.23,2383.22,3110.68,Silver,Mobile,True,2025-06-18,1758.19,23,3
1976b239-0d32-4419-884d-0823d39f9f71,45+,M,Tier-1,434,12,29940.35,2495.03,2252.55,Gold,Desktop,True,2025-07-15,12165.9,47,3
0f8412e1-fc11-4cdf-8c3b-50b1e4597fbe,45+,M,Tier-1,842,10,38532.24,3853.22,2332.27,Gold,Desktop,True,2024-02-28,17758.65,59,6
d9ee55d7-f0f3-45b0-830b-33497634e59a,25-34,M,Tier-1,24,2,7268.57,3634.28,3386.03,Bronze,Desktop,False,2025-12-23,7274.27,26,6
8c04a325-ba2e-4ac2-bba5-3f1feddf65fa,25-34,M,Tier-1,460,9,11285.1,1253.9,887.48,Silver,Desktop,True,2024-12-12,10740.21,34,5
9cf898f4-9d55-43d6-bc77-09f958006fed,18-24,M,Tier-2,174,4,3740.29,935.07,1056.06,Silver,Desktop,True,2025-09-04,6385.64,18,5
ee726c86-0860-47c2-82a1-aa3eae0854b2,45+,M,Tier-1,352,5,18856.26,3771.25,2811.49,Gold,Desktop,True,2025-04-09,13533.33,53,6
b13e5ec5-04dd-4441-8257-db00fd2c8a8c,18-24,M,Tier-1,4,3,3032.43,1010.81,1301.59,Bronze,Desktop,False,2025-12-29,10582.83,21,3
4979ab18-822b-48b9-b16a-6052056d04da,18-24,F,Tier-1,93,7,18799.68,2685.67,3028.13,Gold,Desktop,True,2025-09-30,18137.71,22,7
4f2a3c78-991a-47a0-a614-18d6aa38f773,25-34,M,Tier-1,242,1,2225.4,2225.4,2763.59,Silver,Desktop,True,2025-08-01,16001.56,31,5
4915ee0a-426f-43d5-84ba-874a9867aa7a,25-34,M,Tier-1,40,1,2077.89,2077.89,2674.75,Bronze,Desktop,False,2025-12-18,6382.07,33,5
19f99b8f-f49f-4486-84a0-5eb3b4da94bf,18-24,M,Tier-1,30,8,14115.35,1764.42,2193.93,Silver,Desktop,True,2025-12-06,8768.06,18,7
b9ba15a6-4d05-4e1c-95c2-17079072cdb4,25-34,M,Tier-1,1148,9,34296.83,3810.76,2907.44,Silver,Desktop,True,2025-07-25,11489.99,33,4
4804ec6f-7474-441f-b3f5-9186b98409b1,25-34,M,Tier-3,219,10,17737.55,1773.75,2290.03,Silver,Mobile,True,2025-09-18,3262.63,28,5
1e0e7028-6a04-46e9-91fd-0caf1a405660,45+,M,Tier-1,428,8,23752.01,2969.0,1905.04,Gold,Mobile,True,2024-11-01,8392.97,65,4
92da54cf-9e0e-434e-beb8-5f4b149194bd,25-34,M,Tier-1,43,7,14513.2,2073.31,2445.67,Bronze,Desktop,False,2025-12-28,18683.01,31,2
cb0158de-5db8-40e2-8d0e-55c2823a65e5,18-24,F,Tier-1,271,13,24905.24,1915.79,2453.08,Gold,Desktop,True,2025-08-29,18684.41,22,1
8521c2d0-f03f-49a8-ab6d-173fd3e948b9,25-34,M,Tier-1,205,6,12432.93,2072.16,2860.65,Silver,Desktop,True,2025-12-26,2650.01,29,4
c780b23e-2f45-4dc4-911b-c2e71ca1ff9c,25-34,M,Tier-1,226,1,3815.59,3815.59,4505.87,Bronze,Desktop,False,2025-08-17,11623.16,34,8
75b8de4e-1b99-4e5c-96bf-f50a1bfa7202,25-34,M,Tier-3,59,8,5671.69,708.96,712.5,Silver,Desktop,True,2025-11-21,11613.98,33,2
653076da-4da8-47cb-b034-47d6615a44e6,18-24,M,Tier-1,72,8,12510.51,1563.81,1410.03,Silver,Mobile,True,2025-12-03,10188.97,19,8
394f1a85-49b2-4bd3-9053-b901af8b8322,25-34,M,Tier-1,33,2,2141.01,1070.51,1493.75,Bronze,Desktop,False,2025-12-19,13861.35,28,3
d73b5618-dfde-4f54-ab40-d24ba98833ab,18-24,M,Tier-1,195,5,11416.15,2283.23,1994.62,Bronze,Desktop,False,2025-10-19,11536.48,19,5
a228f170-ae83-4faf-aa52-e52e6ce7deee,18-24,M,Tier-1,761,15,23131.93,1542.13,1215.03,Gold,Mobile,True,2024-06-30,5599.07,20,7
a90c52db-134d-4620-a12c-a27ed3cc8a35,25-34,M,Tier-1,187,11,13670.79,1242.8,1235.51,Gold,Desktop,True,2025-07-08,1125.85,33,7
eb88793a-12d9-40f9-92c7-00a2e5cf6a55,18-24,M,Tier-1,695,11,16127.58,1466.14,1776.1,Gold,Desktop,True,2024-09-20,10711.54,21,3
01413baf-4826-40da-9216-fdbe3190c926,18-24,M,Tier-1,190,10,21868.61,2186.86,2669.55,Gold,Desktop,True,2025-12-20,9686.72,18,9
3b291353-30fb-43dc-8b57-dc34611482ec,18-24,M,Tier-1,38,12,26884.75,2240.4,1679.68,Silver,Desktop,True,2025-12-24,5994.13,20,6
9515b3c7-b590-4476-aaf7-fee30a673b7c,18-24,M,Tier-1,379,10,18899.86,1889.99,1815.49,Silver,Mobile,True,2025-12-04,11856.78,22,7
58c9d7e6-d4ce-4034-972c-559e910885a6,18-24,M,Tier-1,634,8,11994.73,1499.34,1078.98,Silver,Desktop,True,2025-06-12,16307.7,19,5
fcb69288-75aa-451e-b1a2-e996b31f804d,45+,M,Tier-1,3,10,18038.58,1803.86,1901.75,Silver,Mobile,True,2025-12-29,8569.64,50,4
bed0bd9d-c772-46d1-a4e9-dc08a6c82f3e,18-24,M,Tier-1,268,11,21976.82,1997.89,2493.39,Gold,Desktop,True,2025-06-09,7538.67,21,7
234fd0ac-266e-426e-af4f-bcdc19bb1169,25-34,M,Tier-1,116,8,28760.44,3595.05,3092.0,Silver,Desktop,True,2025-12-29,10698.45,32,1
ae8d897c-e853-4537-937f-0378543f3c13,25-34,M,Tier-2,1232,8,29227.75,3653.47,3981.73,Gold,Desktop,True,2023-01-27,8690.68,26,4
0a89f434-7fb0-4f7f-9efd-4ec25fc9a039,18-24,M,Tier-1,71,4,6524.92,1631.23,2104.69,Bronze,Desktop,False,2025-12-27,7900.13,22,1
fc22c024-4399-4855-9851-1c797a6a4cd4,18-24,M,Tier-1,1551,3,12345.64,4115.21,2732.71,Silver,Desktop,True,2022-04-16,4171.3,18,8
e19ec879-9234-4c24-8908-4fe0fb4593e4,25-34,M,Tier-1,451,12,11580.9,965.07,698.92,Silver,Mobile,True,2025-03-14,13441.82,31,5
2be2504f-d386-4f40-a695-1e7e355fe812,25-34,M,Tier-1,110,5,4301.22,860.24,1146.03,Silver,Desktop,True,2025-11-21,17420.58,32,6
80cba5a0-2003-4c9d-94c8-ea6838ad124f,25-34,M,Tier-2,919,4,9944.19,2486.05,3236.43,Silver,Desktop,True,2024-05-09,9264.57,33,3
f1b917d8-2110-4433-b2c3-ad1558128b78,25-34,M,Tier-1,21,8,8352.95,1044.12,1063.6,Silver,Desktop,True,2025-12-22,15407.58,27,2
56e8397b-757f-4dcb-8c2a-525f38c18e0f,25-34,M,Tier-1,733,8,29105.83,3638.23,3920.57,Gold,Desktop,True,2025-01-15,16138.58,33,6
3dc34bc8-6938-455e-b72a-79cf9475b6f2,25-34,M,Tier-1,111,8,24522.2,3065.28,2033.41,Silver,Desktop,True,2025-12-18,12881.14,33,1
9cc06923-0f0e-4bd2-bb11-5da6617b3257,25-34,M,Tier-1,934,6,8718.2,1453.03,951.4,Silver,Desktop,True,2025-03-25,3595.86,26,5
54bddbae-5999-4400-a647-11e3adff80ca,25-34,M,Tier-1,296,8,25256.2,3157.03,4349.96,Silver,Desktop,True,2025-10-21,6360.18,27,3
ed84f94a-cb77-4e0a-a015-998966a1a755,18-24,M,Tier-1,272,7,28190.4,4027.2,3910.2,Silver,Desktop,True,2025-05-15,16037.07,20,6
ff650c90-a9ba-4a83-b5d5-1339d652c040,45+,M,Tier-1,11,3,4824.99,1608.33,2016.53,Bronze,Desktop,False,2026-01-01,16736.79,48,2
5d11184a-6855-4dea-a101-3e72faee8b78,25-34,M,Tier-1,94,2,6589.63,3294.82,4565.61,Bronze,Desktop,False,2025-11-09,9983.69,29,1
5c06b1d9-0bdb-4633-8dbd-df0e59918e27,25-34,M,Tier-1,9,1,1658.15,1658.15,1063.99,Bronze,Desktop,False,2025-12-26,13667.2,26,2
921317f4-1cad-49a9-9356-9cfd443c4f87,18-24,M,Tier-1,260,4,2707.11,676.78,830.26,Bronze,Mobile,False,2025-07-04,10030.14,22,4
db74d52b-8273-4215-9247-c7255c8cc26c,18-24,M,Tier-1,744,9,37710.37,4190.04,2714.39,Silver,Mobile,True,2025-06-20,13246.92,23,5
ddabcf36-8823-4e67-9661-adc2508a0c7d,18-24,M,Tier-3,1629,11,36243.75,3294.89,2485.57,Gold,Mobile,True,2025-08-08,14095.75,20,11
1388ef10-ce4c-4e8d-8acf-67e285345ad9,25-34,M,Tier-1,406,9,11077.93,1230.88,1080.87,Silver,Desktop,True,2025-09-23,14915.65,29,4
c1648aa6-12b4-4ef6-b46c-756983c52342,25-34,M,Tier-1,414,12,18964.53,1580.38,1754.89,Silver,Desktop,True,2024-11-22,8201.83,27,1
26e36936-10a8-4fe7-9e39-d541665cbc93,18-24,M,Tier-1,4,5,14982.91,2996.58,3435.82,Bronze,Mobile,False,2026-01-01,15548.95,19,6
f17d990b-2358-4eef-b8a1-01fdc7dc85a5,18-24,M,Tier-1,313,7,23186.56,3312.37,2070.29,Silver,Desktop,True,2025-04-13,3034.05,19,6
7477143e-52bb-422a-a4b8-8bdc97d26809,25-34,M,Tier-1,168,6,5100.95,850.16,998.32,Silver,Desktop,True,2025-12-31,1248.64,28,9
d12a3d9b-9c67-4301-9233-aa0bcef1a749,25-34,M,Tier-1,5,3,11023.65,3674.55,3289.66,Bronze,Desktop,False,2025-12-29,14460.24,34,3
14a61cc1-5f40-4484-8dfc-472cbe1ddefe,25-34,M,Tier-1,96,8,8023.96,1003.0,910.99,Bronze,Desktop,False,2025-12-08,4669.27,28,3
6aae6132-f3d2-429f-91c3-55ec38789407,18-24,M,Tier-1,22,2,3826.72,1913.36,2166.29,Bronze,Desktop,False,2025-12-15,17773.66,19,3
e52ab880-4d17-4382-8566-1e23b2b29eb9,25-34,M,Tier-1,245,8,30094.65,3761.83,5257.08,Silver,Mobile,True,2025-11-12,17052.23,31,1
1ad61313-100b-4213-89cf-a7766f93b0d6,25-34,M,Tier-1,241,9,25301.58,2811.29,2496.44,Silver,Desktop,True,2025-05-05,9595.67,31,3
e6b2634d-2b64-47f6-a352-ca86416e9654,45+,M,Tier-1,492,19,29738.0,1565.16,2010.57,Platinum,Desktop,True,2025-12-10,1412.33,53,3
5801449a-5ef5-4292-add0-706b478492c9,25-34,F,Tier-1,179,1,1176.82,1176.82,1254.17,Bronze,Desktop,False,2025-07-29,5426.89,29,3
a377b888-e0c7-4648-b299-3ebafe9898e6,25-34,M,Tier-1,12,7,19176.92,2739.56,3184.13,Silver,Desktop,True,2025-12-29,16570.79,26,9
1397d9ab-3c38-449b-99c2-07b9c98d3dc4,18-24,M,Tier-1,708,10,21541.39,2154.14,2040.93,Gold,Mobile,True,2024-09-12,18674.68,18,6
89950b23-6f99-4d73-a691-9567844ffc5d,25-34,F,Tier-1,126,6,13793.59,2298.93,2418.31,Silver,Desktop,True,2025-09-16,7209.8,28,5
7b5b8523-00ee-4387-978c-9c3498dcb65d,25-34,M,Tier-1,261,12,16603.76,1383.65,1266.67,Silver,Desktop,True,2025-12-14,3511.59,26,4
47dda54e-4cd3-48f6-b768-fb92cd80278d,18-24,M,Tier-1,12,6,6236.56,1039.43,1088.74,Silver,Mobile,True,2025-12-29,10269.36,23,3
82942eaf-6659-43a9-9fa9-d3c5ce3ceb54,25-34,M,Tier-1,3,4,8584.88,2146.22,1441.56,Bronze,Mobile,False,2025-12-31,13763.2,31,3
52324e35-5500-4e5f-b35f-b38af63e7d52,18-24,M,Tier-1,821,13,43099.91,3315.38,3162.1,Silver,Mobile,True,2024-05-29,3770.55,18,7
856e6764-edc4-4dcf-83cb-8ac338469673,18-24,M,Tier-1,161,4,17965.96,4491.49,5816.49,Bronze,Desktop,False,2025-10-19,16582.55,18,4
0a5b0fb1-54dc-43b2-b870-95263757eaff,18-24,M,Tier-1,135,1,1465.68,1465.68,1182.7,Bronze,Desktop,False,2025-09-24,10177.5,23,2
fbe12966-436b-4f6f-b37e-649c7f7262a4,25-34,M,Tier-1,131,7,6114.82,873.55,1010.89,Silver,Desktop,True,2025-08-25,6154.35,32,3
7b409e0b-82b8-4135-b06d-65cfeb4c745a,25-34,M,Tier-1,353,11,22024.4,2002.22,1820.46,Silver,Desktop,True,2025-03-04,19616.06,33,4
7318ca78-1f77-4e60-baee-d231e971b381,25-34,M,Tier-1,198,2,5629.35,2814.68,1778.32,Bronze,Mobile,False,2025-09-10,18523.13,29,4
c417400e-b6d9-4cc0-9ff7-243ae49a1ce2,25-34,M,Tier-1,16,8,38003.75,4750.47,3898.72,Silver,Desktop,True,2025-12-28,2178.18,29,4
3b1c9cdc-08e7-4d60-9536-aed2be6e7a6c,25-34,M,Tier-1,843,9,35112.57,3901.4,2614.86,Silver,Desktop,True,2025-06-12,8261.94,34,3
302f5654-d1b0-4557-bcf8-00226397aa52,18-24,M,Tier-1,6,6,11446.8,1907.8,2140.51,Silver,Desktop,True,2026-01-01,12039.58,23,1
34491feb-9e6c-469c-a0c0-b32a0ecf5ceb,18-24,M,Tier-1,717,17,69860.34,4109.43,4623.05,Gold,Desktop,True,2024-12-05,11732.04,19,11
a2f4e9d9-aecf-4da4-a40a-6410a584ba7d,25-34,M,Tier-1,1595,8,6635.87,829.48,1143.29,Gold,Desktop,True,2024-02-13,19262.73,29,4
f75dcd35-28a0-411a-999d-a93a7d8e4f56,25-34,M,Tier-1,86,1,989.55,989.55,1374.25,Bronze,Desktop,False,2025-12-18,12721.98,34,3
11c68ce6-5b07-4bbb-a207-08cdf54f1c0b,25-34,M,Tier-1,9,6,8395.5,1399.25,1364.28,Bronze,Mobile,False,2025-12-29,13341.8,27,3
6fff864a-ceae-45e2-806c-082877cc3751,18-24,M,Tier-1,1618,12,19268.23,1605.69,1917.02,Gold,Desktop,True,2022-09-19,19776.62,24,8
97d4c686-842f-4b69-9a01-24f8a5d9c6a5,35-44,F,Tier-1,55,12,24417.8,2034.82,1879.96,Silver,Desktop,True,2025-12-23,1794.7,41,6
4923b746-e379-44ed-a537-56e2b50459df,25-34,M,Tier-1,125,5,16727.75,3345.55,3216.04,Silver,Mobile,True,2025-12-19,16713.19,25,6
56c1b1d9-8c63-4632-bc5e-ad986db1c34f,25-34,M,Tier-1,252,11,25410.3,2310.03,1924.12,Silver,Desktop,True,2025-11-08,8562.76,29,7
262c2abf-8380-423a-9457-70b40e4aab9e,25-34,M,Tier-1,133,1,1420.8,1420.8,1365.9,Bronze,Desktop,False,2025-10-06,14730.29,26,2
75953bed-3a33-4945-ac49-e7db26b127fe,35-44,M,Tier-1,202,9,12797.92,1421.99,1663.88,Silver,Desktop,True,2025-07-06,4836.71,42,4
24c95805-6bd5-49ad-9121-9033f979f32d,25-34,F,Tier-1,272,7,7992.19,1141.74,1016.55,Silver,Desktop,True,2025-12-21,10952.53,31,3
020848b9-3479-4179-af75-55f1b2c5f4a7,18-24,M,Tier-1,96,3,12326.13,4108.71,2998.12,Bronze,Desktop,False,2025-12-27,3747.54,24,3
e8b20270-49c9-41fe-ad62-5fbb0ab5e8b5,18-24,M,Tier-3,137,8,34817.87,4352.23,2623.64,Silver,Desktop,True,2025-12-12,15542.52,18,6
197c351a-b892-40ce-bdc5-0e5f38ec1861,25-34,M,Tier-1,362,5,14282.26,2856.45,2723.63,Silver,Desktop,True,2025-05-09,12423.11,25,7
2d72dbf5-d982-4375-a9d8-9e56b43bc720,18-24,M,Tier-1,94,4,3669.0,917.25,657.03,Bronze,Desktop,False,2025-12-15,1616.21,22,4
7684bc23-6eac-4a0f-a797-ca393f1458b5,35-44,M,Tier-1,99,2,5933.15,2966.57,3191.96,Bronze,Desktop,False,2025-11-21,15958.84,37,2
1ece6d75-0e4c-4d65-9092-962e9d3abb79,18-24,M,Tier-1,210,7,26452.28,3778.9,4816.77,Silver,Mobile,True,2025-07-09,2233.59,21,7
b6c7ac25-4243-437b-bf37-6f5a69fd9d14,25-34,M,Tier-1,61,1,1014.34,1014.34,1403.32,Bronze,Desktop,False,2025-12-01,11049.99,26,2
c4452452-3e00-44bb-b4fa-820aaf7e6fa7,25-34,M,Tier-1,103,6,10079.6,1679.93,1845.56,Silver,Mobile,True,2025-12-01,18615.0,34,6
871711e5-0282-4ece-bcbd-b5c5246151cc,25-34,M,Tier-1,491,6,9105.34,1517.56,1054.05,Gold,Desktop,True,2025-09-09,9832.83,26,2
6393053b-ac98-4797-8ca2-e95e83234654,25-34,F,Tier-1,90,11,25133.27,2284.84,1738.65,Silver,Desktop,True,2025-11-11,6350.91,26,2
49aa965d-d5c1-4128-bccc-77ef121d0132,25-34,M,Tier-1,357,13,40337.03,3102.85,3927.07,Silver,Desktop,True,2025-12-19,4686.3,30,4
99803474-edc3-4ac9-b4a2-b970bd4dba96,25-34,M,Tier-1,55,5,20669.5,4133.9,4009.78,Bronze,Desktop,False,2025-12-30,16469.17,25,4
da8fd09d-bb49-4135-91c2-38485fc7ea55,25-34,M,Tier-1,108,3,6514.18,2171.39,2685.2,Bronze,Desktop,False,2025-10-20,2258.05,27,1
73d1f0be-533e-4838-a7f3-ac7c2d75b58c,18-24,M,Tier-1,91,4,4740.42,1185.11,1452.8,Bronze,Desktop,False,2025-11-11,6857.35,24,4
ef73161e-3910-47ff-8838-6c55769eadd0,18-24,M,Tier-1,628,7,12503.17,1786.17,1321.78,Silver,Mobile,True,2024-11-05,8110.1,18,4
35b4990f-9c77-486f-9046-3a4a06864ded,25-34,M,Tier-1,423,4,16419.29,4104.82,4182.41,Silver,Desktop,True,2025-12-02,15735.13,27,2
f288a655-47a5-484f-a769-34904c2ba009,25-34,F,Tier-1,5,5,12319.98,2464.0,2508.05,Bronze,Mobile,False,2026-01-01,1078.09,25,1
3de9ba4f-a3ca-4732-87d5-aeb0066c9e72,25-34,M,Tier-1,132,5,12886.33,2577.27,3110.24,Bronze,Mobile,False,2025-11-12,13138.17,28,1
b77b3eb3-45a2-400c-b659-78c5428dfe7b,18-24,M,Tier-1,338,11,12131.81,1102.89,1507.25,Silver,Desktop,True,2025-05-13,11632.89,18,6
58dc5224-5e4c-4c51-ae0f-19a7576f8b22,25-34,M,Tier-2,433,8,9970.95,1246.37,1637.47,Gold,Desktop,True,2024-12-30,11270.96,25,5
dee8874b-b3f2-49fc-97b6-c86ee422e6cf,35-44,M,Tier-1,142,4,14132.41,3533.1,3899.05,Bronze,Desktop,False,2025-11-11,14112.37,42,3
62dc5e89-0aba-4a1b-8589-ad5915d0b431,25-34,M,Tier-1,111,9,28567.94,3174.22,2239.21,Silver,Mobile,True,2025-09-24,16444.17,32,4
34c25ba1-eb45-486a-8967-69f195d842ab,25-34,M,Tier-1,345,4,14887.29,3721.82,4951.1,Bronze,Desktop,False,2025-07-06,8449.46,30,1
51f4bf86-349f-4efb-9ac2-fc2274c7879d,18-24,M,Tier-1,46,6,20360.97,3393.5,2381.95,Silver,Desktop,True,2025-12-31,2955.71,24,4
f8657eaa-1506-4c00-9e01-218cea29120b,18-24,M,Tier-1,319,9,20030.96,2225.66,2311.03,Silver,Desktop,True,2025-03-21,19503.94,21,8
c15cba46-7c9d-486b-85b1-7d933adfc651,25-34,M,Tier-1,33,13,29564.03,2274.16,2570.01,Silver,Mobile,True,2025-12-30,2479.99,34,3
3196b45d-ded9-446d-a91c-d2cc7aa4d881,25-34,M,Tier-1,383,5,10905.1,2181.02,2504.7,Silver,Desktop,True,2025-05-30,12331.7,31,5
6e1e23c8-d466-442b-a133-d64d608115c2,25-34,M,Tier-1,8,18,40836.76,2268.71,1627.53,Gold,Mobile,True,2025-12-28,3835.11,33,9
39d29312-6747-4878-aefd-e9bf16e5a7fc,25-34,M,Tier-1,1137,7,24018.74,3431.25,4648.2,Silver,Desktop,True,2023-05-22,9259.81,30,7
a4e8f53c-cd37-483d-8e59-c18dbd4bd85a,25-34,M,Tier-1,36,5,21864.17,4372.83,2626.65,Gold,Desktop,True,2025-12-03,11640.57,30,9
267aaf42-2c3a-4b79-90f8-63b9d069836c,25-34,M,Tier-1,21,13,25076.97,1929.0,1998.63,Silver,Desktop,True,2025-12-15,13587.26,32,1
96957869-cd25-4e27-bd8b-117e22a1adca,18-24,F,Tier-1,206,3,7540.52,2513.51,1652.37,Bronze,Mobile,False,2025-10-11,1298.45,23,5
593f145e-c62c-4708-ac02-882e16463978,45+,M,Tier-1,718,8,31563.79,3945.47,5303.69,Gold,Mobile,True,2025-06-18,12841.72,59,4
a8b140cc-ec95-4370-8b03-0b3d6467d205,25-34,M,Tier-1,164,10,26152.34,2615.23,3059.04,Silver,Desktop,True,2025-12-15,6115.76,33,5
f19d31b3-9b5c-4a02-8fe4-06bae8295439,45+,M,Tier-1,98,7,18051.06,2578.72,3055.87,Bronze,Desktop,False,2025-11-23,19688.0,53,3
b3dbeaa8-244e-45ce-a03c-0089d79bd6be,25-34,M,Tier-1,187,9,28407.22,3156.36,3255.34,Silver,Desktop,True,2025-07-11,12012.94,34,4
482d262a-f094-4aac-9f1a-8bcbf7d8c438,25-34,M,Tier-1,260,18,31524.54,1751.36,2420.74,Gold,Desktop,True,2025-05-04,6597.74,27,6
bfccc3d4-60fa-484c-b908-e30ea4d5c171,25-34,M,Tier-1,11,5,13636.42,2727.28,3068.34,Bronze,Desktop,False,2025-12-21,6543.31,34,3
707dc29c-4dfb-4518-9322-72b67a565189,18-24,M,Tier-1,40,5,9711.63,1942.33,1187.47,Bronze,Desktop,False,2025-12-29,3119.44,19,2
4310e0c9-cee8-4a64-98db-87fceac8ba76,25-34,M,Tier-1,133,21,29267.54,1393.69,873.11,Gold,Desktop,True,2025-09-29,19697.36,27,1
9d9ed347-78ec-48bb-92f3-b0f85c201b73,25-34,M,Tier-1,342,6,8261.03,1376.84,1753.36,Silver,Mobile,True,2025-03-24,2032.19,29,6
3d7cd701-ff61-4ac0-84ac-b1fd5ede86f6,25-34,M,Tier-1,738,12,19935.9,1661.33,1515.23,Gold,Mobile,True,2025-03-14,5989.88,33,8
87664fac-ed30-4928-a0c4-924b1ee7ecfd,35-44,M,Tier-1,2129,7,7607.99,1086.86,1206.35,Platinum,Desktop,True,2023-03-25,19167.49,41,5
ddb2a4fb-7c47-46bf-a3d3-157b12f610cf,18-24,M,Tier-1,46,5,17483.7,3496.74,3744.94,Silver,Mobile,True,2025-12-29,4703.59,20,3
fb30bea4-a7cc-4402-a6b0-2390b404bef4,18-24,M,Tier-1,576,12,11236.24,936.35,895.86,Gold,Desktop,True,2025-02-16,5168.91,20,6
3f8c2194-5c21-40f1-b031-f9757d8f56bf,18-24,M,Tier-1,983,10,40537.46,4053.75,4728.54,Silver,Mobile,True,2025-01-02,3279.57,24,4
7f74d64d-eaf1-42ee-82e6-bab447d98b72,25-34,F,Tier-1,1357,10,27275.2,2727.52,2655.42,Platinum,Mobile,True,2023-11-02,18787.46,32,6
dbcc4679-30ab-46f0-983d-990f03cbc175,25-34,M,Tier-1,155,5,6959.81,1391.96,1267.9,Bronze,Mobile,False,2025-10-05,19923.21,29,3
b1b65b68-31d9-41f2-a099-1565f0029b0f,18-24,F,Tier-1,52,13,15153.05,1165.62,1101.51,Silver,Desktop,True,2025-12-08,12665.36,18,6
19f88677-9172-414f-8bc9-a375478217d2,18-24,M,Tier-1,157,2,6307.04,3153.52,3507.56,Bronze,Desktop,False,2025-11-04,18724.98,23,3
b10a433d-0801-4151-ba08-e274a61aca3f,25-34,F,Tier-1,185,6,13857.31,2309.55,2945.23,Silver,Mobile,True,2025-11-15,15837.8,26,4
cf2aac0c-78b8-4afd-8a01-a12b60c5f001,18-24,M,Tier-1,142,2,7416.84,3708.42,3123.46,Bronze,Desktop,False,2025-09-04,2048.7,23,4
818ccc87-a68b-4d17-9794-7b9910decd2e,25-34,M,Tier-1,677,10,14815.81,1481.58,2035.71,Gold,Desktop,True,2025-03-29,13553.95,29,5
90cfab53-dedc-4d2d-8bfd-60fb2d488c56,25-34,M,Tier-1,65,11,12040.95,1094.63,1287.06,Silver,Mobile,True,2025-12-16,12265.96,32,1
2de7de48-df3d-4c46-8395-883ab2f4934d,25-34,M,Tier-1,3762,15,48726.07,3248.4,2094.71,Gold,Desktop,True,2020-03-31,15967.79,25,4
49fdddce-a19e-443b-994b-742338d1597e,25-34,M,Tier-1,423,3,3951.51,1317.17,1764.81,Silver,Mobile,True,2025-07-12,1700.68,27,6
520f6519-e864-4917-8a70-d4bd0beb5cc5,25-34,F,Tier-1,626,8,8863.67,1107.96,937.19,Silver,Desktop,True,2025-12-31,16080.24,32,2
0684f7b1-b3f9-4eb9-9901-0d775d91b6c2,25-34,M,Tier-1,408,7,11824.5,1689.21,1589.49,Silver,Mobile,True,2025-05-04,16418.9,31,3
bb699bac-e7ee-4239-8cca-487fe425eb2a,25-34,M,Tier-1,107,16,13157.21,822.33,534.99,Platinum,Desktop,True,2025-10-07,6203.97,31,6
6a34f993-0e2d-4341-9efd-d58d777da456,25-34,M,Tier-1,351,1,3669.51,3669.51,4484.62,Bronze,Desktop,False,2025-02-25,1296.98,32,2
e50ff4b0-4309-4d49-8f58-0bb456819bfe,18-24,M,Tier-1,78,14,52536.79,3752.63,4330.11,Gold,Desktop,True,2025-11-18,4917.04,23,7
41c5b920-2260-4654-9e35-66ca5c539772,18-24,F,Tier-1,121,5,14159.31,2831.86,3120.01,Bronze,Desktop,False,2025-10-25,15869.08,20,2
a8e8f6bf-c881-45cb-b12b-f76e1cfb9a99,18-24,M,Tier-1,68,2,6574.04,3287.02,2548.82,Bronze,Desktop,False,2025-11-20,15636.29,23,3
a582538b-28fc-4d57-adba-a66c6378bb99,18-24,M,Tier-1,327,19,27684.56,1457.08,924.51,Platinum,Desktop,True,2025-05-26,13252.36,20,7
d8feec65-8754-4b01-8064-50eadba5e764,18-24,M,Tier-1,242,5,16360.74,3272.15,4019.49,Bronze,Mobile,False,2025-05-22,10216.17,18,4
63feaee7-7e2d-4a41-afa8-6ae90ed49b6e,25-34,M,Tier-1,134,5,10238.81,2047.76,1762.93,Bronze,Desktop,False,2025-10-10,2863.22,31,2
bb711290-62a0-43cd-b0ac-fafa99e672b4,18-24,M,Tier-1,9,11,40715.17,3701.38,3367.75,Gold,Desktop,True,2025-12-26,3591.69,23,6
867dca93-130c-40b8-95f2-b79c942b30fe,45+,M,Tier-1,1103,8,11286.2,1410.78,1364.03,Silver,Desktop,True,2024-03-19,4252.83,55,6
7e2d6e99-92be-484d-a799-c2c68ef13796,25-34,M,Tier-1,526,10,44588.71,4458.87,2983.78,Silver,Desktop,True,2025-03-02,17282.5,32,5
fce1de72-bca6-4b28-8fce-92738ff46cfa,25-34,M,Tier-1,386,11,20966.75,1906.07,2503.54,Silver,Desktop,True,2025-09-30,12243.66,27,6
